ra,dec,z_spec,z_err,obj_class,survey,reference
242.04940796,54.1066818,0.066449,4e-06,,MMT/Hectospec,Cheng+2021
243.27735901,54.448925,0.087383,4e-06,,MMT/Hectospec,Cheng+2021
242.46851921,54.177063,0.066684,5e-06,,MMT/Hectospec,Cheng+2021
242.71734238,54.8891869,0.192521,5e-06,,MMT/Hectospec,Cheng+2021
243.0804348,54.3477821,0.112223,5e-06,,MMT/Hectospec,Cheng+2021
242.78045654,54.9041557,0.092271,5e-06,,MMT/Hectospec,Cheng+2021
241.96251869,54.2145538,0.065741,6e-06,,MMT/Hectospec,Cheng+2021
242.06674576,54.7358398,0.060566,6e-06,,MMT/Hectospec,Cheng+2021
243.24872017,54.2262993,0.270729,6e-06,,MMT/Hectospec,Cheng+2021
243.14354897,54.7454262,0.085763,7e-06,,MMT/Hectospec,Cheng+2021
242.60876656,54.7401047,0.249923,7e-06,,MMT/Hectospec,Cheng+2021
242.67122269,54.4341125,0.105458,7e-06,,MMT/Hectospec,Cheng+2021
242.21016884,54.7632599,0.127677,7e-06,,MMT/Hectospec,Cheng+2021
242.76763916,54.0647163,0.338622,7e-06,,MMT/Hectospec,Cheng+2021
242.23654747,54.3918953,0.143625,7e-06,,MMT/Hectospec,Cheng+2021
242.91506767,54.7973022,0.078019,7e-06,,MMT/Hectospec,Cheng+2021
241.9320488,54.7436943,0.09244,7e-06,,MMT/Hectospec,Cheng+2021
242.38062859,54.6034317,0.112571,7e-06,,MMT/Hectospec,Cheng+2021
242.34392166,53.988781,0.083331,7e-06,,MMT/Hectospec,Cheng+2021
243.30368042,54.2035599,0.1429,8e-06,,MMT/Hectospec,Cheng+2021
242.92679787,54.7351265,0.128294,8e-06,,MMT/Hectospec,Cheng+2021
243.16529274,54.6288071,0.183602,8e-06,,MMT/Hectospec,Cheng+2021
243.04052353,54.2551994,0.143735,8e-06,,MMT/Hectospec,Cheng+2021
242.51077652,54.6424789,0.218301,8e-06,,MMT/Hectospec,Cheng+2021
242.39107132,54.9155312,0.12652,8e-06,,MMT/Hectospec,Cheng+2021
243.24110985,54.4359207,0.107192,8e-06,,MMT/Hectospec,Cheng+2021
242.53083229,54.2079239,0.190736,8e-06,,MMT/Hectospec,Cheng+2021
242.72555351,54.3507881,0.138609,8e-06,,MMT/Hectospec,Cheng+2021
242.42048264,54.2071037,0.08219,8e-06,,MMT/Hectospec,Cheng+2021
242.77064323,54.83284,0.116378,8e-06,,MMT/Hectospec,Cheng+2021
242.82282829,54.5579872,0.235598,8e-06,,MMT/Hectospec,Cheng+2021
242.38617897,54.3016434,0.081833,8e-06,,MMT/Hectospec,Cheng+2021
242.41247177,54.6383438,0.118911,8e-06,,MMT/Hectospec,Cheng+2021
242.89506912,54.5119743,0.052878,8e-06,,MMT/Hectospec,Cheng+2021
242.43078232,54.1751099,0.087103,8e-06,,MMT/Hectospec,Cheng+2021
241.87623024,54.2316551,0.194193,8e-06,,MMT/Hectospec,Cheng+2021
241.97393417,54.7733688,0.092749,8e-06,,MMT/Hectospec,Cheng+2021
242.23214149,54.1440811,0.125863,9e-06,,MMT/Hectospec,Cheng+2021
241.81786537,54.408165,0.173055,9e-06,,MMT/Hectospec,Cheng+2021
243.21009636,54.7203255,0.334843,9e-06,,MMT/Hectospec,Cheng+2021
243.26534271,54.2614059,0.061724,9e-06,,MMT/Hectospec,Cheng+2021
242.48725891,54.3999329,0.233486,9e-06,,MMT/Hectospec,Cheng+2021
242.21451759,54.7576904,0.128421,9e-06,,MMT/Hectospec,Cheng+2021
242.32626915,54.897438,0.09205,9e-06,,MMT/Hectospec,Cheng+2021
243.31715584,54.4490471,0.128008,9e-06,,MMT/Hectospec,Cheng+2021
242.47879028,53.9511909,0.144036,9e-06,,MMT/Hectospec,Cheng+2021
242.04540253,54.0852127,0.234485,9e-06,,MMT/Hectospec,Cheng+2021
242.33402252,54.2182961,0.18503,9e-06,,MMT/Hectospec,Cheng+2021
242.3619175,54.3680649,0.228133,9e-06,,MMT/Hectospec,Cheng+2021
242.9229641,53.9884529,0.139597,9e-06,,MMT/Hectospec,Cheng+2021
242.64550209,54.2535286,0.236777,9e-06,,MMT/Hectospec,Cheng+2021
241.87763214,54.1390572,0.239881,9e-06,,MMT/Hectospec,Cheng+2021
241.92801476,54.364872,0.443892,9e-06,,MMT/Hectospec,Cheng+2021
243.24522972,54.6987381,0.244736,1e-05,,MMT/Hectospec,Cheng+2021
243.04143906,54.5393944,0.256238,1e-05,,MMT/Hectospec,Cheng+2021
242.11149216,54.0923271,0.233753,1e-05,,MMT/Hectospec,Cheng+2021
242.14756966,54.704895,0.204466,1e-05,,MMT/Hectospec,Cheng+2021
242.99649239,54.1096191,0.137645,1e-05,,MMT/Hectospec,Cheng+2021
242.74180412,54.4732246,0.143678,1e-05,,MMT/Hectospec,Cheng+2021
243.2261467,54.5068207,0.350494,1e-05,,MMT/Hectospec,Cheng+2021
241.9446373,54.6348839,0.190855,1e-05,,MMT/Hectospec,Cheng+2021
242.45587349,54.4633484,0.150118,1e-05,,MMT/Hectospec,Cheng+2021
242.10196495,54.3071938,0.239677,1e-05,,MMT/Hectospec,Cheng+2021
242.27537155,54.4589424,0.139084,1e-05,,MMT/Hectospec,Cheng+2021
242.17938423,54.8605347,0.109254,1e-05,,MMT/Hectospec,Cheng+2021
243.21996689,54.4647217,0.240159,1.1e-05,,MMT/Hectospec,Cheng+2021
242.81973839,54.1139565,0.127931,1.1e-05,,MMT/Hectospec,Cheng+2021
242.52937317,53.985508,0.228569,1.1e-05,,MMT/Hectospec,Cheng+2021
242.67205238,54.1684265,0.296212,1.1e-05,,MMT/Hectospec,Cheng+2021
242.65571594,54.4888649,0.152252,1.1e-05,,MMT/Hectospec,Cheng+2021
243.20923805,54.4111481,0.141464,1.1e-05,,MMT/Hectospec,Cheng+2021
242.61960983,54.2765388,0.143895,1.1e-05,,MMT/Hectospec,Cheng+2021
242.17042923,54.3647957,0.185,1.1e-05,,MMT/Hectospec,Cheng+2021
242.65843391,54.4957314,0.218568,1.1e-05,,MMT/Hectospec,Cheng+2021
243.18943977,54.4679451,0.15235,1.1e-05,,MMT/Hectospec,Cheng+2021
243.11928749,54.1235008,0.23133,1.1e-05,,MMT/Hectospec,Cheng+2021
242.69156456,54.1006622,0.234466,1.1e-05,,MMT/Hectospec,Cheng+2021
243.17293167,54.7311974,0.301924,1.1e-05,,MMT/Hectospec,Cheng+2021
242.3767662,54.1729698,0.067159,1.1e-05,,MMT/Hectospec,Cheng+2021
242.72429466,54.1928635,0.174348,1.1e-05,,MMT/Hectospec,Cheng+2021
241.82933807,54.6099091,0.120487,1.1e-05,,MMT/Hectospec,Cheng+2021
243.3774662,54.5293541,0.063154,1.1e-05,,MMT/Hectospec,Cheng+2021
242.5361824,54.8496513,0.117207,1.1e-05,,MMT/Hectospec,Cheng+2021
242.7775383,54.3967857,0.267705,1.2e-05,,MMT/Hectospec,Cheng+2021
242.74749756,54.0497971,0.063895,1.2e-05,,MMT/Hectospec,Cheng+2021
242.65173912,54.8476448,0.190165,1.2e-05,,MMT/Hectospec,Cheng+2021
242.48139381,54.7550583,0.232467,1.2e-05,,MMT/Hectospec,Cheng+2021
242.91509628,54.577137,0.235657,1.2e-05,,MMT/Hectospec,Cheng+2021
242.99589157,54.3288498,0.208368,1.2e-05,,MMT/Hectospec,Cheng+2021
243.0639267,54.0430908,0.139202,1.2e-05,,MMT/Hectospec,Cheng+2021
242.29585648,54.384861,0.284164,1.2e-05,,MMT/Hectospec,Cheng+2021
243.07519913,54.2955284,0.302236,1.2e-05,,MMT/Hectospec,Cheng+2021
242.92708397,54.0203285,0.138538,1.2e-05,,MMT/Hectospec,Cheng+2021
242.54776955,54.0182533,0.337465,1.2e-05,,MMT/Hectospec,Cheng+2021
242.73877144,54.5101738,0.18991,1.2e-05,,MMT/Hectospec,Cheng+2021
242.29056358,54.0507812,0.260555,1.2e-05,,MMT/Hectospec,Cheng+2021
241.90286636,54.290329,0.234628,1.2e-05,,MMT/Hectospec,Cheng+2021
243.26931953,54.2445335,0.142676,1.2e-05,,MMT/Hectospec,Cheng+2021
241.93885803,54.1914635,0.360975,1.2e-05,,MMT/Hectospec,Cheng+2021
241.80716515,54.517765,0.140005,1.2e-05,,MMT/Hectospec,Cheng+2021
242.7775383,54.4326591,0.070295,1.3e-05,,MMT/Hectospec,Cheng+2021
242.77779579,54.130703,0.23425,1.3e-05,,MMT/Hectospec,Cheng+2021
243.15934181,54.2333527,0.243587,1.3e-05,,MMT/Hectospec,Cheng+2021
242.94728279,54.014637,0.147923,1.3e-05,,MMT/Hectospec,Cheng+2021
242.61960983,54.0547409,0.227781,1.3e-05,,MMT/Hectospec,Cheng+2021
241.94540977,54.3930931,0.235502,1.3e-05,,MMT/Hectospec,Cheng+2021
242.59955406,54.616497,0.234695,1.3e-05,,MMT/Hectospec,Cheng+2021
242.74303436,54.7478218,0.266819,1.3e-05,,MMT/Hectospec,Cheng+2021
242.80394554,54.2150955,0.337042,1.3e-05,,MMT/Hectospec,Cheng+2021
242.75087357,54.0569916,0.275921,1.3e-05,,MMT/Hectospec,Cheng+2021
241.99707985,54.5146141,0.190729,1.3e-05,,MMT/Hectospec,Cheng+2021
243.22431564,54.4482117,0.336846,1.3e-05,,MMT/Hectospec,Cheng+2021
242.34449387,54.0380554,0.260925,1.3e-05,,MMT/Hectospec,Cheng+2021
242.30575562,54.3655357,0.233594,1.3e-05,,MMT/Hectospec,Cheng+2021
242.64387131,54.8608665,0.147882,1.3e-05,,MMT/Hectospec,Cheng+2021
242.74492264,54.4499931,0.143675,1.3e-05,,MMT/Hectospec,Cheng+2021
242.51993179,54.8472366,0.329101,1.3e-05,,MMT/Hectospec,Cheng+2021
241.77254677,54.2819481,0.22143,1.3e-05,,MMT/Hectospec,Cheng+2021
242.91666985,54.1419411,0.307544,1.4e-05,,MMT/Hectospec,Cheng+2021
242.8046608,54.2957649,0.143362,1.4e-05,,MMT/Hectospec,Cheng+2021
241.96074486,54.6412964,0.203258,1.4e-05,,MMT/Hectospec,Cheng+2021
242.81121254,54.8979034,0.052795,1.4e-05,,MMT/Hectospec,Cheng+2021
243.09654236,54.0636177,0.229707,1.4e-05,,MMT/Hectospec,Cheng+2021
243.02504539,54.5491943,0.127608,1.4e-05,,MMT/Hectospec,Cheng+2021
242.32910156,54.1313248,0.210912,1.4e-05,,MMT/Hectospec,Cheng+2021
242.3669529,54.3262825,0.233662,1.4e-05,,MMT/Hectospec,Cheng+2021
242.06173897,54.8245811,0.127399,1.4e-05,,MMT/Hectospec,Cheng+2021
242.40735054,54.7534599,0.152787,1.4e-05,,MMT/Hectospec,Cheng+2021
243.05605888,54.3122101,0.336291,1.4e-05,,MMT/Hectospec,Cheng+2021
242.00895309,54.2647476,0.40889,1.4e-05,,MMT/Hectospec,Cheng+2021
242.57540703,54.0477219,0.263421,1.4e-05,,MMT/Hectospec,Cheng+2021
243.04907799,54.3374672,0.210759,1.4e-05,,MMT/Hectospec,Cheng+2021
241.75111771,54.4708176,0.237785,1.4e-05,,MMT/Hectospec,Cheng+2021
243.21707726,54.7097931,0.333874,1.4e-05,,MMT/Hectospec,Cheng+2021
243.0768013,54.2956543,0.301707,1.4e-05,,MMT/Hectospec,Cheng+2021
242.47014999,54.1627617,0.211617,1.4e-05,,MMT/Hectospec,Cheng+2021
242.92654037,54.8267441,0.266599,1.5e-05,,MMT/Hectospec,Cheng+2021
242.68100739,54.7849998,0.190075,1.5e-05,,MMT/Hectospec,Cheng+2021
243.25927734,54.6591415,0.24025,1.5e-05,,MMT/Hectospec,Cheng+2021
242.35630989,54.0883713,0.325585,1.5e-05,,MMT/Hectospec,Cheng+2021
242.06774712,54.3559303,0.338239,1.5e-05,,MMT/Hectospec,Cheng+2021
242.95889854,54.214901,0.327515,1.5e-05,,MMT/Hectospec,Cheng+2021
242.9156971,54.0100365,0.230047,1.5e-05,,MMT/Hectospec,Cheng+2021
242.08293915,54.0906525,0.339087,1.5e-05,,MMT/Hectospec,Cheng+2021
243.22640419,54.5135765,0.128478,1.5e-05,,MMT/Hectospec,Cheng+2021
242.29245186,54.0912971,0.180278,1.5e-05,,MMT/Hectospec,Cheng+2021
242.59663582,54.840168,0.214183,1.5e-05,,MMT/Hectospec,Cheng+2021
242.19569206,54.0993233,0.080497,1.5e-05,,MMT/Hectospec,Cheng+2021
242.22782135,54.059082,0.260115,1.5e-05,,MMT/Hectospec,Cheng+2021
242.26078033,54.2073174,0.328049,1.5e-05,,MMT/Hectospec,Cheng+2021
241.98348999,54.6368637,0.120529,1.5e-05,,MMT/Hectospec,Cheng+2021
243.2283783,54.3127632,0.577427,1.5e-05,,MMT/Hectospec,Cheng+2021
243.09084892,54.682579,0.21147,1.6e-05,,MMT/Hectospec,Cheng+2021
242.25434303,54.1052971,0.429824,1.6e-05,,MMT/Hectospec,Cheng+2021
242.84468651,54.836319,0.286591,1.6e-05,,MMT/Hectospec,Cheng+2021
242.77859688,54.3112068,0.314569,1.6e-05,,MMT/Hectospec,Cheng+2021
242.12202072,54.0657005,0.259122,1.6e-05,,MMT/Hectospec,Cheng+2021
242.39439011,54.7659531,0.220237,1.6e-05,,MMT/Hectospec,Cheng+2021
242.75894165,54.4295235,0.450337,1.6e-05,,MMT/Hectospec,Cheng+2021
242.98748016,54.0213203,0.231352,1.6e-05,,MMT/Hectospec,Cheng+2021
242.88525581,54.8354683,0.108964,1.6e-05,,MMT/Hectospec,Cheng+2021
243.03359985,54.7350883,0.062955,1.6e-05,,MMT/Hectospec,Cheng+2021
242.34603882,54.1019592,0.233397,1.6e-05,,MMT/Hectospec,Cheng+2021
242.01590538,54.2284698,0.337039,1.6e-05,,MMT/Hectospec,Cheng+2021
243.01746368,54.2627983,0.726643,1.6e-05,,MMT/Hectospec,Cheng+2021
242.18942642,54.0694313,0.430179,1.6e-05,,MMT/Hectospec,Cheng+2021
242.9811573,54.1295242,0.341642,1.6e-05,,MMT/Hectospec,Cheng+2021
242.43021011,54.9043922,0.334774,1.6e-05,,MMT/Hectospec,Cheng+2021
243.10089111,54.6396866,0.234878,1.6e-05,,MMT/Hectospec,Cheng+2021
242.97875404,54.5198174,0.449835,1.6e-05,,MMT/Hectospec,Cheng+2021
242.25557327,54.2562485,0.265732,1.6e-05,,MMT/Hectospec,Cheng+2021
242.54084587,54.417778,0.064297,1.6e-05,,MMT/Hectospec,Cheng+2021
242.73994446,53.9906273,0.264003,1.6e-05,,MMT/Hectospec,Cheng+2021
243.09937477,54.7040405,0.219901,1.6e-05,,MMT/Hectospec,Cheng+2021
241.77223206,54.2990494,0.264275,1.6e-05,,MMT/Hectospec,Cheng+2021
242.44866371,54.9212341,0.120366,1.6e-05,,MMT/Hectospec,Cheng+2021
242.98404694,54.4415474,0.23387,1.7e-05,,MMT/Hectospec,Cheng+2021
243.23698997,54.4872131,0.288994,1.7e-05,,MMT/Hectospec,Cheng+2021
242.61488914,54.2729645,0.268596,1.7e-05,,MMT/Hectospec,Cheng+2021
242.2150898,54.7640915,0.330343,1.7e-05,,MMT/Hectospec,Cheng+2021
243.05251122,54.828804,0.327745,1.7e-05,,MMT/Hectospec,Cheng+2021
243.24980736,54.4431915,0.326866,1.7e-05,,MMT/Hectospec,Cheng+2021
242.73802757,54.358448,0.227613,1.7e-05,,MMT/Hectospec,Cheng+2021
243.05508614,54.1999168,0.338529,1.7e-05,,MMT/Hectospec,Cheng+2021
242.91970253,53.9914055,0.230918,1.7e-05,,MMT/Hectospec,Cheng+2021
242.60436058,54.1671524,0.35745,1.7e-05,,MMT/Hectospec,Cheng+2021
242.39830971,53.9600143,0.062958,1.7e-05,,MMT/Hectospec,Cheng+2021
241.74965858,54.3893776,0.373276,1.7e-05,,MMT/Hectospec,Cheng+2021
243.07542801,54.1795731,0.048992,1.7e-05,,MMT/Hectospec,Cheng+2021
243.1218338,54.4707832,0.269016,1.7e-05,,MMT/Hectospec,Cheng+2021
242.55134583,54.1918831,0.267689,1.7e-05,,MMT/Hectospec,Cheng+2021
242.18270302,54.0419273,0.241279,1.7e-05,,MMT/Hectospec,Cheng+2021
243.01463127,54.8331184,0.066126,1.7e-05,,MMT/Hectospec,Cheng+2021
243.27218056,54.5921898,0.210057,1.7e-05,,MMT/Hectospec,Cheng+2021
242.27291107,54.1222038,0.210645,1.7e-05,,MMT/Hectospec,Cheng+2021
241.9384861,54.5264702,0.344721,1.7e-05,,MMT/Hectospec,Cheng+2021
242.78082848,54.8440399,0.118412,1.7e-05,,MMT/Hectospec,Cheng+2021
242.44182587,54.9030228,0.335848,1.7e-05,,MMT/Hectospec,Cheng+2021
243.23226929,54.7013779,0.148903,1.7e-05,,MMT/Hectospec,Cheng+2021
242.71468163,54.0884857,0.392588,1.7e-05,,MMT/Hectospec,Cheng+2021
242.38640785,53.9908257,0.206932,1.7e-05,,MMT/Hectospec,Cheng+2021
242.90084839,54.7061844,0.266908,1.7e-05,,MMT/Hectospec,Cheng+2021
242.47112274,54.6700897,0.161962,1.7e-05,,MMT/Hectospec,Cheng+2021
242.2598362,54.0341759,0.260582,1.7e-05,,MMT/Hectospec,Cheng+2021
242.08585739,54.801754,0.126143,1.7e-05,,MMT/Hectospec,Cheng+2021
242.15103149,54.7840347,0.126382,1.7e-05,,MMT/Hectospec,Cheng+2021
242.56859779,53.9618607,0.1641,1.8e-05,,MMT/Hectospec,Cheng+2021
242.86906242,54.0330048,0.157708,1.8e-05,,MMT/Hectospec,Cheng+2021
242.3496151,54.8332672,0.33064,1.8e-05,,MMT/Hectospec,Cheng+2021
242.59048462,54.7203789,0.21374,1.8e-05,,MMT/Hectospec,Cheng+2021
242.6995182,54.7874184,0.287051,1.8e-05,,MMT/Hectospec,Cheng+2021
243.13407898,54.7013397,0.26951,1.8e-05,,MMT/Hectospec,Cheng+2021
241.7566967,54.5206146,0.275909,1.8e-05,,MMT/Hectospec,Cheng+2021
241.95905685,54.5972061,0.213109,1.8e-05,,MMT/Hectospec,Cheng+2021
242.57572174,54.0314217,0.264343,1.8e-05,,MMT/Hectospec,Cheng+2021
242.10548401,54.3944511,0.262795,1.8e-05,,MMT/Hectospec,Cheng+2021
242.71099091,54.5754318,0.152963,1.8e-05,,MMT/Hectospec,Cheng+2021
242.85967827,54.7723083,0.064232,1.8e-05,,MMT/Hectospec,Cheng+2021
242.53973007,54.7792778,0.083317,1.8e-05,,MMT/Hectospec,Cheng+2021
242.79378891,54.6827927,0.386634,1.8e-05,,MMT/Hectospec,Cheng+2021
243.14626694,54.6474953,0.219453,1.8e-05,,MMT/Hectospec,Cheng+2021
242.01968193,54.2390976,0.473097,1.8e-05,,MMT/Hectospec,Cheng+2021
242.30501175,54.8126602,0.286295,1.8e-05,,MMT/Hectospec,Cheng+2021
242.93621063,54.4199715,0.189671,1.8e-05,,MMT/Hectospec,Cheng+2021
242.03527451,54.5033875,0.235995,1.8e-05,,MMT/Hectospec,Cheng+2021
243.24751854,54.2303352,0.23182,1.9e-05,,MMT/Hectospec,Cheng+2021
243.2034874,54.708683,0.25111,1.9e-05,,MMT/Hectospec,Cheng+2021
242.10296631,54.0227547,0.355977,1.9e-05,,MMT/Hectospec,Cheng+2021
241.92564011,54.2752838,0.172943,1.9e-05,,MMT/Hectospec,Cheng+2021
241.98114395,54.4003372,0.262876,1.9e-05,,MMT/Hectospec,Cheng+2021
241.79829597,54.5740471,0.27601,1.9e-05,,MMT/Hectospec,Cheng+2021
242.86754608,54.6726532,0.385472,1.9e-05,,MMT/Hectospec,Cheng+2021
242.37665176,54.2581673,0.190964,1.9e-05,,MMT/Hectospec,Cheng+2021
242.17683792,54.0664711,0.328034,1.9e-05,,MMT/Hectospec,Cheng+2021
241.97290421,54.695446,0.187748,1.9e-05,,MMT/Hectospec,Cheng+2021
242.38858223,54.7567825,0.237092,1.9e-05,,MMT/Hectospec,Cheng+2021
243.0183506,54.8095589,0.064462,1.9e-05,,MMT/Hectospec,Cheng+2021
243.1990242,54.3828812,0.316116,1.9e-05,,MMT/Hectospec,Cheng+2021
242.84442902,54.040451,0.338049,1.9e-05,,MMT/Hectospec,Cheng+2021
242.66332626,54.0197563,0.30656,1.9e-05,,MMT/Hectospec,Cheng+2021
242.22702026,54.2038651,0.263819,1.9e-05,,MMT/Hectospec,Cheng+2021
243.25209618,54.503685,0.064641,1.9e-05,,MMT/Hectospec,Cheng+2021
243.06547165,54.701252,0.211996,1.9e-05,,MMT/Hectospec,Cheng+2021
242.3898983,54.8600235,0.234875,1.9e-05,,MMT/Hectospec,Cheng+2021
242.86594391,53.9964218,0.307439,1.9e-05,,MMT/Hectospec,Cheng+2021
242.35919952,54.7535782,0.235149,1.9e-05,,MMT/Hectospec,Cheng+2021
242.05924988,54.3565941,0.390624,1.9e-05,,MMT/Hectospec,Cheng+2021
243.12781334,54.5827789,0.189151,2e-05,,MMT/Hectospec,Cheng+2021
242.28398323,53.9970932,0.265832,2e-05,,MMT/Hectospec,Cheng+2021
241.86667442,54.3233719,0.328311,2e-05,,MMT/Hectospec,Cheng+2021
242.60387421,54.6944771,0.086984,2e-05,,MMT/Hectospec,Cheng+2021
242.65520096,54.2351723,0.388426,2e-05,,MMT/Hectospec,Cheng+2021
242.8264904,53.9907494,0.329164,2e-05,,MMT/Hectospec,Cheng+2021
241.77157402,54.2579384,0.145863,2e-05,,MMT/Hectospec,Cheng+2021
242.34060287,54.3676567,0.376032,2e-05,,MMT/Hectospec,Cheng+2021
242.41833687,54.6425552,0.262822,2e-05,,MMT/Hectospec,Cheng+2021
242.0187664,54.5096588,0.23567,2e-05,,MMT/Hectospec,Cheng+2021
242.84485817,54.6275864,0.125931,2e-05,,MMT/Hectospec,Cheng+2021
242.48848915,54.4447098,0.267914,2e-05,,MMT/Hectospec,Cheng+2021
242.89197922,54.7905045,0.401584,2e-05,,MMT/Hectospec,Cheng+2021
243.11648369,54.6350517,0.235838,2e-05,,MMT/Hectospec,Cheng+2021
243.15713882,54.232151,0.268026,2e-05,,MMT/Hectospec,Cheng+2021
243.07631493,54.5610199,0.311785,2e-05,,MMT/Hectospec,Cheng+2021
243.28004837,54.2914963,0.243808,2e-05,,MMT/Hectospec,Cheng+2021
242.28790283,54.2175598,0.237624,2e-05,,MMT/Hectospec,Cheng+2021
242.36406326,54.4237137,0.233666,2e-05,,MMT/Hectospec,Cheng+2021
242.48173714,54.4425926,0.266966,2e-05,,MMT/Hectospec,Cheng+2021
243.08707237,54.6642418,0.218018,2e-05,,MMT/Hectospec,Cheng+2021
242.95646667,54.3474197,0.218979,2e-05,,MMT/Hectospec,Cheng+2021
242.44036674,54.1718369,0.329195,2e-05,,MMT/Hectospec,Cheng+2021
242.14193344,54.0636826,0.233806,2e-05,,MMT/Hectospec,Cheng+2021
242.75939941,54.706974,0.266599,2e-05,,MMT/Hectospec,Cheng+2021
242.0987606,54.1971931,0.294537,2e-05,,MMT/Hectospec,Cheng+2021
243.15793991,54.3186226,0.314363,2e-05,,MMT/Hectospec,Cheng+2021
242.78815269,54.6410522,0.385072,2.1e-05,,MMT/Hectospec,Cheng+2021
243.06295395,54.7258835,0.335079,2.1e-05,,MMT/Hectospec,Cheng+2021
242.96087265,54.1485596,0.334928,2.1e-05,,MMT/Hectospec,Cheng+2021
242.41928101,54.1635857,0.266885,2.1e-05,,MMT/Hectospec,Cheng+2021
241.75718307,54.5214691,0.275277,2.1e-05,,MMT/Hectospec,Cheng+2021
242.23142624,54.6691742,0.235281,2.1e-05,,MMT/Hectospec,Cheng+2021
242.31259346,54.7425423,0.126123,2.1e-05,,MMT/Hectospec,Cheng+2021
242.11112022,54.7863235,0.127834,2.1e-05,,MMT/Hectospec,Cheng+2021
242.90966034,54.6668472,0.510511,2.1e-05,,MMT/Hectospec,Cheng+2021
242.41184235,54.2058144,0.345219,2.1e-05,,MMT/Hectospec,Cheng+2021
242.23093987,54.6612663,0.216092,2.1e-05,,MMT/Hectospec,Cheng+2021
242.83510208,54.4167976,0.333443,2.1e-05,,MMT/Hectospec,Cheng+2021
242.37916946,54.0312309,0.260661,2.1e-05,,MMT/Hectospec,Cheng+2021
242.42211342,54.4022026,0.263286,2.1e-05,,MMT/Hectospec,Cheng+2021
242.796278,54.6756363,0.313182,2.1e-05,,MMT/Hectospec,Cheng+2021
242.67233849,54.0440102,0.181596,2.1e-05,,MMT/Hectospec,Cheng+2021
242.49386787,54.3463402,0.23517,2.1e-05,,MMT/Hectospec,Cheng+2021
241.80682182,54.344368,0.19354,2.1e-05,,MMT/Hectospec,Cheng+2021
241.8610096,54.458107,0.262622,2.1e-05,,MMT/Hectospec,Cheng+2021
241.92901611,54.4617958,0.147014,2.1e-05,,MMT/Hectospec,Cheng+2021
242.03255653,54.5985985,0.379948,2.1e-05,,MMT/Hectospec,Cheng+2021
242.0394516,54.1292114,0.215653,2.1e-05,,MMT/Hectospec,Cheng+2021
242.64467239,54.654747,0.236311,2.1e-05,,MMT/Hectospec,Cheng+2021
243.14658165,54.7555733,0.28988,2.1e-05,,MMT/Hectospec,Cheng+2021
242.82237053,54.7540016,0.063907,2.1e-05,,MMT/Hectospec,Cheng+2021
243.05262566,54.6550827,0.234677,2.1e-05,,MMT/Hectospec,Cheng+2021
243.24743271,54.4230194,0.266163,2.1e-05,,MMT/Hectospec,Cheng+2021
242.79353142,53.9785461,0.260462,2.1e-05,,MMT/Hectospec,Cheng+2021
242.31657028,54.2008858,0.266176,2.1e-05,,MMT/Hectospec,Cheng+2021
242.61846542,54.0046577,0.261799,2.1e-05,,MMT/Hectospec,Cheng+2021
243.08069229,54.5161438,0.12736,2.1e-05,,MMT/Hectospec,Cheng+2021
242.20999718,54.1853256,0.328137,2.1e-05,,MMT/Hectospec,Cheng+2021
243.31094742,54.2494087,0.151333,2.2e-05,,MMT/Hectospec,Cheng+2021
242.89873123,54.0446815,0.337933,2.2e-05,,MMT/Hectospec,Cheng+2021
241.90501213,54.2988052,0.269174,2.2e-05,,MMT/Hectospec,Cheng+2021
242.84308434,54.8918571,0.369698,2.2e-05,,MMT/Hectospec,Cheng+2021
243.06650162,54.503727,0.268531,2.2e-05,,MMT/Hectospec,Cheng+2021
242.79856682,54.2458,0.380772,2.2e-05,,MMT/Hectospec,Cheng+2021
241.86301231,54.2705307,0.260084,2.2e-05,,MMT/Hectospec,Cheng+2021
242.48577118,54.4444389,0.274161,2.2e-05,,MMT/Hectospec,Cheng+2021
243.05625916,54.3574066,0.350289,2.2e-05,,MMT/Hectospec,Cheng+2021
243.21364403,54.6355171,0.065339,2.2e-05,,MMT/Hectospec,Cheng+2021
242.94350624,54.2392197,0.334195,2.2e-05,,MMT/Hectospec,Cheng+2021
242.06877708,54.1777191,0.233809,2.2e-05,,MMT/Hectospec,Cheng+2021
242.0481205,54.1321106,0.232761,2.2e-05,,MMT/Hectospec,Cheng+2021
242.08803177,54.0557022,0.549266,2.2e-05,,MMT/Hectospec,Cheng+2021
241.99124336,54.2873917,0.189774,2.2e-05,,MMT/Hectospec,Cheng+2021
242.26169586,54.7220917,0.235675,2.2e-05,,MMT/Hectospec,Cheng+2021
242.26776123,54.4562988,0.445654,2.2e-05,,MMT/Hectospec,Cheng+2021
242.59222984,54.8154259,0.233656,2.2e-05,,MMT/Hectospec,Cheng+2021
242.86179543,54.4337006,0.152209,2.2e-05,,MMT/Hectospec,Cheng+2021
241.78261757,54.2630043,0.237834,2.2e-05,,MMT/Hectospec,Cheng+2021
242.2961998,54.0279083,0.316727,2.2e-05,,MMT/Hectospec,Cheng+2021
243.09971809,54.7760887,0.222796,2.2e-05,,MMT/Hectospec,Cheng+2021
243.01780701,54.5839767,0.335508,2.2e-05,,MMT/Hectospec,Cheng+2021
243.16612244,54.3531113,0.210685,2.2e-05,,MMT/Hectospec,Cheng+2021
242.35110283,54.2731209,0.189521,2.2e-05,,MMT/Hectospec,Cheng+2021
242.33196259,54.7200394,0.237608,2.2e-05,,MMT/Hectospec,Cheng+2021
243.00724983,54.6723289,0.332259,2.3e-05,,MMT/Hectospec,Cheng+2021
243.09943199,54.5451241,0.262485,2.3e-05,,MMT/Hectospec,Cheng+2021
242.27877617,54.1961365,0.327172,2.3e-05,,MMT/Hectospec,Cheng+2021
242.18939781,54.1395683,0.337305,2.3e-05,,MMT/Hectospec,Cheng+2021
241.84570312,54.1814384,0.156065,2.3e-05,,MMT/Hectospec,Cheng+2021
241.78470612,54.3991966,0.236243,2.3e-05,,MMT/Hectospec,Cheng+2021
242.64739037,54.5156631,0.152674,2.3e-05,,MMT/Hectospec,Cheng+2021
243.33761215,54.463707,0.262667,2.3e-05,,MMT/Hectospec,Cheng+2021
242.77238846,54.3714523,0.328641,2.3e-05,,MMT/Hectospec,Cheng+2021
241.95960045,54.3778305,0.335558,2.3e-05,,MMT/Hectospec,Cheng+2021
242.0635128,54.3829575,0.265335,2.3e-05,,MMT/Hectospec,Cheng+2021
243.13857079,54.5080147,0.341352,2.3e-05,,MMT/Hectospec,Cheng+2021
242.77078629,54.1228676,0.306454,2.3e-05,,MMT/Hectospec,Cheng+2021
242.43481636,54.1637802,0.314823,2.3e-05,,MMT/Hectospec,Cheng+2021
242.40097046,54.523941,0.064203,2.3e-05,,MMT/Hectospec,Cheng+2021
242.98576355,54.1368713,0.268981,2.3e-05,,MMT/Hectospec,Cheng+2021
242.88147926,54.5900993,0.1266,2.3e-05,,MMT/Hectospec,Cheng+2021
242.15123177,54.3292084,0.259631,2.3e-05,,MMT/Hectospec,Cheng+2021
242.95975685,54.8100929,0.32411,2.4e-05,,MMT/Hectospec,Cheng+2021
242.38706589,54.1179161,0.326339,2.4e-05,,MMT/Hectospec,Cheng+2021
242.25831985,54.3452148,0.260185,2.4e-05,,MMT/Hectospec,Cheng+2021
242.33076096,54.1528358,0.262729,2.4e-05,,MMT/Hectospec,Cheng+2021
242.80220032,54.1484718,0.333464,2.4e-05,,MMT/Hectospec,Cheng+2021
242.90024757,53.9972763,0.336613,2.4e-05,,MMT/Hectospec,Cheng+2021
242.51807213,54.0612717,0.234559,2.4e-05,,MMT/Hectospec,Cheng+2021
242.32048988,54.3120651,0.126293,2.4e-05,,MMT/Hectospec,Cheng+2021
241.89582825,54.2393951,0.393873,2.4e-05,,MMT/Hectospec,Cheng+2021
242.24146843,54.4504356,0.173953,2.4e-05,,MMT/Hectospec,Cheng+2021
243.09928894,54.7290115,0.333035,2.4e-05,,MMT/Hectospec,Cheng+2021
243.01669121,54.6954308,0.211281,2.4e-05,,MMT/Hectospec,Cheng+2021
241.9888401,54.5785828,0.249637,2.4e-05,,MMT/Hectospec,Cheng+2021
242.80617714,54.1551781,0.335078,2.4e-05,,MMT/Hectospec,Cheng+2021
242.94410706,54.5707855,0.28692,2.4e-05,,MMT/Hectospec,Cheng+2021
242.87535667,54.2311478,0.333863,2.4e-05,,MMT/Hectospec,Cheng+2021
242.64066696,54.2933655,0.20855,2.4e-05,,MMT/Hectospec,Cheng+2021
241.86758995,54.3999138,0.446387,2.4e-05,,MMT/Hectospec,Cheng+2021
241.98783875,54.4420128,0.335114,2.4e-05,,MMT/Hectospec,Cheng+2021
242.24567413,54.3202744,0.26319,2.4e-05,,MMT/Hectospec,Cheng+2021
243.22360039,54.5022888,0.349754,2.4e-05,,MMT/Hectospec,Cheng+2021
241.93828583,54.1817055,0.137387,2.4e-05,,MMT/Hectospec,Cheng+2021
242.87072182,54.1663017,0.334232,2.4e-05,,MMT/Hectospec,Cheng+2021
242.05244064,54.4930191,0.390627,2.4e-05,,MMT/Hectospec,Cheng+2021
242.39673615,54.7112083,0.232328,2.4e-05,,MMT/Hectospec,Cheng+2021
242.34892845,54.1376305,0.326828,2.4e-05,,MMT/Hectospec,Cheng+2021
242.86734581,54.5555573,0.314305,2.5e-05,,MMT/Hectospec,Cheng+2021
242.93357849,54.8039703,0.386198,2.5e-05,,MMT/Hectospec,Cheng+2021
241.92738533,54.6761703,0.233834,2.5e-05,,MMT/Hectospec,Cheng+2021
242.36008644,54.207737,0.328781,2.5e-05,,MMT/Hectospec,Cheng+2021
242.78220177,54.6646881,0.314601,2.5e-05,,MMT/Hectospec,Cheng+2021
242.97801018,54.8139954,0.384922,2.5e-05,,MMT/Hectospec,Cheng+2021
243.00255775,54.2171555,0.327141,2.5e-05,,MMT/Hectospec,Cheng+2021
242.05481529,54.3890724,0.262423,2.5e-05,,MMT/Hectospec,Cheng+2021
242.86937714,54.2076378,0.16175,2.5e-05,,MMT/Hectospec,Cheng+2021
243.09534073,54.3271179,0.31409,2.5e-05,,MMT/Hectospec,Cheng+2021
242.74120331,54.5847282,0.126217,2.5e-05,,MMT/Hectospec,Cheng+2021
242.17377663,54.002758,0.233237,2.5e-05,,MMT/Hectospec,Cheng+2021
241.91056252,54.7508659,0.26778,2.5e-05,,MMT/Hectospec,Cheng+2021
242.51506805,54.8735161,0.335531,2.5e-05,,MMT/Hectospec,Cheng+2021
243.08489799,54.7287483,0.333296,2.5e-05,,MMT/Hectospec,Cheng+2021
242.22793579,54.229763,0.262123,2.5e-05,,MMT/Hectospec,Cheng+2021
242.2939682,54.2119675,0.422249,2.5e-05,,MMT/Hectospec,Cheng+2021
241.85709,54.299511,0.260565,2.5e-05,,MMT/Hectospec,Cheng+2021
242.08522797,54.4359093,0.26196,2.5e-05,,MMT/Hectospec,Cheng+2021
242.00626373,54.4974556,0.228107,2.5e-05,,MMT/Hectospec,Cheng+2021
242.75997162,54.8197823,0.287249,2.5e-05,,MMT/Hectospec,Cheng+2021
242.87612915,54.3849869,0.266463,2.5e-05,,MMT/Hectospec,Cheng+2021
241.94895744,54.1388054,0.431463,2.5e-05,,MMT/Hectospec,Cheng+2021
241.81305885,54.4117165,0.29405,2.5e-05,,MMT/Hectospec,Cheng+2021
242.75336266,54.7143135,0.227164,2.5e-05,,MMT/Hectospec,Cheng+2021
242.88728714,54.7777901,0.338631,2.6e-05,,MMT/Hectospec,Cheng+2021
242.40200043,54.1978722,0.26589,2.6e-05,,MMT/Hectospec,Cheng+2021
242.33058929,54.0136528,0.35039,2.6e-05,,MMT/Hectospec,Cheng+2021
242.30469704,54.804966,0.233211,2.6e-05,,MMT/Hectospec,Cheng+2021
242.4760437,54.8752708,0.330347,2.6e-05,,MMT/Hectospec,Cheng+2021
242.63420105,54.631546,0.224259,2.6e-05,,MMT/Hectospec,Cheng+2021
243.23186874,54.6455154,0.289575,2.6e-05,,MMT/Hectospec,Cheng+2021
243.17656517,54.2505455,0.368168,2.6e-05,,MMT/Hectospec,Cheng+2021
242.88674355,54.2654648,0.346702,2.6e-05,,MMT/Hectospec,Cheng+2021
242.40414619,54.2509422,0.264974,2.6e-05,,MMT/Hectospec,Cheng+2021
243.05614471,54.4912453,0.244664,2.6e-05,,MMT/Hectospec,Cheng+2021
243.02272797,54.4328384,0.336131,2.6e-05,,MMT/Hectospec,Cheng+2021
242.59088516,54.2100449,0.268226,2.6e-05,,MMT/Hectospec,Cheng+2021
241.83282852,54.2751999,0.444216,2.6e-05,,MMT/Hectospec,Cheng+2021
241.77915573,54.4286461,0.448004,2.6e-05,,MMT/Hectospec,Cheng+2021
241.86478615,54.4665184,0.263743,2.6e-05,,MMT/Hectospec,Cheng+2021
242.76117325,54.2254219,0.265604,2.6e-05,,MMT/Hectospec,Cheng+2021
243.26228142,54.3917198,0.318053,2.6e-05,,MMT/Hectospec,Cheng+2021
242.75954247,54.3987465,0.386307,2.6e-05,,MMT/Hectospec,Cheng+2021
243.00959587,54.1661606,0.341692,2.6e-05,,MMT/Hectospec,Cheng+2021
242.70152092,53.9735527,0.063302,2.6e-05,,MMT/Hectospec,Cheng+2021
242.08127975,54.7606506,0.125801,2.6e-05,,MMT/Hectospec,Cheng+2021
242.36560822,54.8244972,0.23275,2.6e-05,,MMT/Hectospec,Cheng+2021
242.54705429,54.0333786,0.265216,2.6e-05,,MMT/Hectospec,Cheng+2021
242.34412193,54.7630005,0.235982,2.6e-05,,MMT/Hectospec,Cheng+2021
242.95257568,54.3786736,0.26643,2.6e-05,,MMT/Hectospec,Cheng+2021
242.93306351,54.665966,0.335737,2.6e-05,,MMT/Hectospec,Cheng+2021
243.23859215,54.594429,0.328701,2.6e-05,,MMT/Hectospec,Cheng+2021
242.70744324,54.3579788,0.26893,2.6e-05,,MMT/Hectospec,Cheng+2021
243.04172516,54.1945305,0.229894,2.6e-05,,MMT/Hectospec,Cheng+2021
242.81988144,54.2253799,0.266205,2.6e-05,,MMT/Hectospec,Cheng+2021
242.12634087,54.0969162,0.211277,2.6e-05,,MMT/Hectospec,Cheng+2021
241.72831535,54.4862976,0.236427,2.6e-05,,MMT/Hectospec,Cheng+2021
242.65771866,54.3234673,0.32423,2.7e-05,,MMT/Hectospec,Cheng+2021
242.95655251,54.7186432,0.288161,2.7e-05,,MMT/Hectospec,Cheng+2021
243.18471909,54.7405968,0.335714,2.7e-05,,MMT/Hectospec,Cheng+2021
241.8347168,54.4424362,0.269184,2.7e-05,,MMT/Hectospec,Cheng+2021
242.36981392,54.7273102,0.265945,2.7e-05,,MMT/Hectospec,Cheng+2021
242.39908218,54.7565536,0.234351,2.7e-05,,MMT/Hectospec,Cheng+2021
242.85344124,54.8598824,0.26167,2.7e-05,,MMT/Hectospec,Cheng+2021
242.54299164,54.6826324,0.235481,2.7e-05,,MMT/Hectospec,Cheng+2021
243.10832977,54.8070374,0.327756,2.7e-05,,MMT/Hectospec,Cheng+2021
242.86231041,54.4943962,0.327608,2.7e-05,,MMT/Hectospec,Cheng+2021
241.95871353,54.3521538,0.339735,2.7e-05,,MMT/Hectospec,Cheng+2021
243.17625046,54.7434883,0.332531,2.7e-05,,MMT/Hectospec,Cheng+2021
242.43616104,54.2447281,0.390367,2.7e-05,,MMT/Hectospec,Cheng+2021
242.41241455,54.2687416,0.190291,2.7e-05,,MMT/Hectospec,Cheng+2021
241.98878288,54.091507,0.232287,2.7e-05,,MMT/Hectospec,Cheng+2021
242.62058258,54.5569916,0.234557,2.7e-05,,MMT/Hectospec,Cheng+2021
243.18054199,54.351017,0.313656,2.7e-05,,MMT/Hectospec,Cheng+2021
243.06352615,54.3562088,0.343307,2.7e-05,,MMT/Hectospec,Cheng+2021
242.45464325,54.3191643,0.18993,2.7e-05,,MMT/Hectospec,Cheng+2021
241.95316315,54.2151642,0.315233,2.7e-05,,MMT/Hectospec,Cheng+2021
241.95390701,54.2418938,0.393576,2.7e-05,,MMT/Hectospec,Cheng+2021
242.03149796,54.1415062,0.232665,2.7e-05,,MMT/Hectospec,Cheng+2021
242.09052086,54.6940155,0.38421,2.7e-05,,MMT/Hectospec,Cheng+2021
242.91169167,54.8650169,0.219205,2.7e-05,,MMT/Hectospec,Cheng+2021
243.29275131,54.4082642,0.316988,2.7e-05,,MMT/Hectospec,Cheng+2021
242.10817337,54.5953751,0.353503,2.7e-05,,MMT/Hectospec,Cheng+2021
242.49744415,54.3815651,0.233705,2.8e-05,,MMT/Hectospec,Cheng+2021
242.91529655,54.7428017,0.28733,2.8e-05,,MMT/Hectospec,Cheng+2021
243.24803352,54.4502029,0.127844,2.8e-05,,MMT/Hectospec,Cheng+2021
242.67402649,53.9777794,0.262645,2.8e-05,,MMT/Hectospec,Cheng+2021
242.17300415,54.0523605,0.327501,2.8e-05,,MMT/Hectospec,Cheng+2021
242.25605965,54.3151588,0.233488,2.8e-05,,MMT/Hectospec,Cheng+2021
242.90382385,54.2127838,0.337235,2.8e-05,,MMT/Hectospec,Cheng+2021
243.11282158,54.6125412,0.267825,2.8e-05,,MMT/Hectospec,Cheng+2021
243.21604729,54.3856583,0.317552,2.8e-05,,MMT/Hectospec,Cheng+2021
242.1773243,54.0966988,0.338195,2.8e-05,,MMT/Hectospec,Cheng+2021
242.75198936,54.355072,0.263423,2.8e-05,,MMT/Hectospec,Cheng+2021
241.92240715,54.4524078,0.390869,2.8e-05,,MMT/Hectospec,Cheng+2021
241.94314957,54.4271317,0.335638,2.8e-05,,MMT/Hectospec,Cheng+2021
241.7983532,54.5222664,0.264167,2.8e-05,,MMT/Hectospec,Cheng+2021
243.05296898,54.4883118,0.287207,2.8e-05,,MMT/Hectospec,Cheng+2021
242.99534798,54.0295753,0.231302,2.8e-05,,MMT/Hectospec,Cheng+2021
242.2743988,54.4918289,0.263426,2.8e-05,,MMT/Hectospec,Cheng+2021
243.26511383,54.2324371,0.061461,2.8e-05,,MMT/Hectospec,Cheng+2021
243.38327408,54.3704109,0.127793,2.8e-05,,MMT/Hectospec,Cheng+2021
243.29401016,54.3298302,0.231465,2.8e-05,,MMT/Hectospec,Cheng+2021
241.99155807,54.3895798,0.264051,2.8e-05,,MMT/Hectospec,Cheng+2021
242.81827927,54.3205338,0.31467,2.9e-05,,MMT/Hectospec,Cheng+2021
242.01333046,54.1027412,0.232734,2.9e-05,,MMT/Hectospec,Cheng+2021
242.04483032,54.3909874,0.262466,2.9e-05,,MMT/Hectospec,Cheng+2021
242.67931938,54.9041634,0.266521,2.9e-05,,MMT/Hectospec,Cheng+2021
241.92652702,54.2174072,0.261636,2.9e-05,,MMT/Hectospec,Cheng+2021
242.33920097,54.0822411,0.270161,2.9e-05,,MMT/Hectospec,Cheng+2021
242.11340904,54.6518135,0.385265,2.9e-05,,MMT/Hectospec,Cheng+2021
241.7952919,54.2534103,0.238315,2.9e-05,,MMT/Hectospec,Cheng+2021
242.23334312,54.6757431,0.235047,2.9e-05,,MMT/Hectospec,Cheng+2021
242.82840729,54.3160591,0.471404,2.9e-05,,MMT/Hectospec,Cheng+2021
242.88785934,54.2753487,0.33194,2.9e-05,,MMT/Hectospec,Cheng+2021
242.90053368,54.0750961,0.450515,2.9e-05,,MMT/Hectospec,Cheng+2021
242.76889801,54.7856293,0.286968,2.9e-05,,MMT/Hectospec,Cheng+2021
243.05445671,54.8353157,0.335831,2.9e-05,,MMT/Hectospec,Cheng+2021
242.96894073,54.2031174,0.328733,2.9e-05,,MMT/Hectospec,Cheng+2021
242.99062729,54.6131897,0.271592,3e-05,,MMT/Hectospec,Cheng+2021
242.88714409,54.6942978,0.267127,3e-05,,MMT/Hectospec,Cheng+2021
243.33148956,54.6060638,0.268768,3e-05,,MMT/Hectospec,Cheng+2021
243.34937096,54.5450401,0.264965,3e-05,,MMT/Hectospec,Cheng+2021
242.96095848,54.2290039,0.401194,3e-05,,MMT/Hectospec,Cheng+2021
242.93114662,54.2863922,0.255373,3e-05,,MMT/Hectospec,Cheng+2021
242.97552109,54.1597137,0.26277,3e-05,,MMT/Hectospec,Cheng+2021
242.39762306,54.0757751,0.457152,3e-05,,MMT/Hectospec,Cheng+2021
242.44617462,54.5445709,0.189891,3e-05,,MMT/Hectospec,Cheng+2021
242.27851868,54.336422,0.264766,3e-05,,MMT/Hectospec,Cheng+2021
242.7507019,54.7627831,0.55288,3e-05,,MMT/Hectospec,Cheng+2021
242.34952927,54.9091301,0.329845,3e-05,,MMT/Hectospec,Cheng+2021
242.45904922,54.7518425,0.234171,3e-05,,MMT/Hectospec,Cheng+2021
243.08718681,54.7118378,0.217442,3e-05,,MMT/Hectospec,Cheng+2021
243.16595078,54.4116211,0.329595,3e-05,,MMT/Hectospec,Cheng+2021
243.34599495,54.3362541,0.293342,3e-05,,MMT/Hectospec,Cheng+2021
242.98404694,54.2475395,0.338249,3e-05,,MMT/Hectospec,Cheng+2021
242.64352798,53.9826164,0.339741,3e-05,,MMT/Hectospec,Cheng+2021
242.34689713,54.2015305,0.324272,3e-05,,MMT/Hectospec,Cheng+2021
241.89213753,54.4194489,0.264373,3e-05,,MMT/Hectospec,Cheng+2021
242.43224144,54.558136,0.166602,3e-05,,MMT/Hectospec,Cheng+2021
242.83987999,54.0079727,0.337025,3e-05,,MMT/Hectospec,Cheng+2021
242.19829559,54.124855,0.308112,3e-05,,MMT/Hectospec,Cheng+2021
242.10863113,54.7913399,0.234592,3e-05,,MMT/Hectospec,Cheng+2021
242.91586876,54.8336029,0.266403,3e-05,,MMT/Hectospec,Cheng+2021
242.65525818,54.6817322,0.336593,3e-05,,MMT/Hectospec,Cheng+2021
243.10295105,54.6786308,0.210103,3e-05,,MMT/Hectospec,Cheng+2021
242.25419998,54.3806915,0.263742,3e-05,,MMT/Hectospec,Cheng+2021
242.83965111,54.2267494,0.328473,3e-05,,MMT/Hectospec,Cheng+2021
242.92448044,54.2504921,0.335553,3e-05,,MMT/Hectospec,Cheng+2021
242.48980522,53.9763298,0.335913,3e-05,,MMT/Hectospec,Cheng+2021
242.33633995,54.5871964,0.233335,3e-05,,MMT/Hectospec,Cheng+2021
242.07066536,54.6538086,0.270638,3e-05,,MMT/Hectospec,Cheng+2021
241.74528122,54.3298302,0.239001,3e-05,,MMT/Hectospec,Cheng+2021
242.82414436,54.3384628,0.351573,3.1e-05,,MMT/Hectospec,Cheng+2021
241.92071915,54.1258965,0.235457,3.1e-05,,MMT/Hectospec,Cheng+2021
242.00749397,54.1117744,0.233761,3.1e-05,,MMT/Hectospec,Cheng+2021
242.19406128,54.5983391,0.353398,3.1e-05,,MMT/Hectospec,Cheng+2021
242.6390934,54.7108498,0.335315,3.1e-05,,MMT/Hectospec,Cheng+2021
242.64633179,54.9066429,0.335244,3.1e-05,,MMT/Hectospec,Cheng+2021
242.49329567,54.4248047,0.273385,3.1e-05,,MMT/Hectospec,Cheng+2021
242.72632599,54.0105324,0.262643,3.1e-05,,MMT/Hectospec,Cheng+2021
242.50265121,54.3138924,0.338794,3.1e-05,,MMT/Hectospec,Cheng+2021
241.80599213,54.3420486,0.337837,3.1e-05,,MMT/Hectospec,Cheng+2021
242.00182915,54.1449051,0.231322,3.1e-05,,MMT/Hectospec,Cheng+2021
242.82686234,54.4490509,0.233823,3.1e-05,,MMT/Hectospec,Cheng+2021
242.00431824,54.2236557,0.315065,3.1e-05,,MMT/Hectospec,Cheng+2021
242.15372086,54.4079361,0.262139,3.1e-05,,MMT/Hectospec,Cheng+2021
242.20524788,54.4893913,0.262859,3.1e-05,,MMT/Hectospec,Cheng+2021
242.90968895,54.8842964,0.264709,3.1e-05,,MMT/Hectospec,Cheng+2021
242.39553452,54.3614082,0.423374,3.1e-05,,MMT/Hectospec,Cheng+2021
242.84980774,54.2016144,0.336298,3.1e-05,,MMT/Hectospec,Cheng+2021
243.06904793,54.693161,0.2907,3.1e-05,,MMT/Hectospec,Cheng+2021
242.99566269,54.6886826,0.333977,3.1e-05,,MMT/Hectospec,Cheng+2021
242.8399086,54.2917099,0.343608,3.1e-05,,MMT/Hectospec,Cheng+2021
242.34520912,54.0195351,0.265746,3.1e-05,,MMT/Hectospec,Cheng+2021
242.28638649,54.8255539,0.292072,3.1e-05,,MMT/Hectospec,Cheng+2021
242.5196743,54.9128838,0.266735,3.1e-05,,MMT/Hectospec,Cheng+2021
242.58321762,54.1462784,0.266817,3.1e-05,,MMT/Hectospec,Cheng+2021
242.54124641,54.033699,0.39318,3.1e-05,,MMT/Hectospec,Cheng+2021
241.7815876,54.5628815,0.227425,3.1e-05,,MMT/Hectospec,Cheng+2021
242.60298729,54.0066147,0.338909,3.2e-05,,MMT/Hectospec,Cheng+2021
242.92201996,54.7087364,0.392608,3.2e-05,,MMT/Hectospec,Cheng+2021
242.67402649,53.984333,0.339963,3.2e-05,,MMT/Hectospec,Cheng+2021
242.69102097,53.9718094,0.266642,3.2e-05,,MMT/Hectospec,Cheng+2021
242.17695236,54.0680237,0.32836,3.2e-05,,MMT/Hectospec,Cheng+2021
242.75467873,54.7362442,0.250283,3.2e-05,,MMT/Hectospec,Cheng+2021
242.22833633,54.297184,0.189972,3.2e-05,,MMT/Hectospec,Cheng+2021
242.51286507,54.7468109,0.337421,3.2e-05,,MMT/Hectospec,Cheng+2021
242.48182297,54.1888657,0.350384,3.2e-05,,MMT/Hectospec,Cheng+2021
241.96846962,54.2330132,0.391577,3.2e-05,,MMT/Hectospec,Cheng+2021
241.96749687,54.4750519,0.274919,3.2e-05,,MMT/Hectospec,Cheng+2021
241.90009117,54.7439651,0.268582,3.2e-05,,MMT/Hectospec,Cheng+2021
242.66043663,54.8708115,0.192585,3.2e-05,,MMT/Hectospec,Cheng+2021
243.18629265,54.7259178,0.332973,3.2e-05,,MMT/Hectospec,Cheng+2021
242.66916275,53.9965286,0.338671,3.2e-05,,MMT/Hectospec,Cheng+2021
242.22959518,54.3507462,0.263656,3.2e-05,,MMT/Hectospec,Cheng+2021
242.85690308,54.27491,0.331378,3.2e-05,,MMT/Hectospec,Cheng+2021
242.72286415,53.9813271,0.264224,3.2e-05,,MMT/Hectospec,Cheng+2021
242.03576088,54.170063,0.232529,3.2e-05,,MMT/Hectospec,Cheng+2021
242.03350067,54.3799515,0.327996,3.2e-05,,MMT/Hectospec,Cheng+2021
242.78637886,54.3975563,0.33483,3.2e-05,,MMT/Hectospec,Cheng+2021
242.94473648,54.2213745,0.33564,3.2e-05,,MMT/Hectospec,Cheng+2021
242.05181122,54.1730461,0.338484,3.2e-05,,MMT/Hectospec,Cheng+2021
242.05470085,54.3876991,0.261603,3.2e-05,,MMT/Hectospec,Cheng+2021
242.13546753,54.4754906,0.274306,3.2e-05,,MMT/Hectospec,Cheng+2021
242.84869194,54.8429565,0.286511,3.2e-05,,MMT/Hectospec,Cheng+2021
242.84162521,54.2130508,0.33574,3.2e-05,,MMT/Hectospec,Cheng+2021
242.80225754,54.1277733,0.26257,3.2e-05,,MMT/Hectospec,Cheng+2021
242.18407631,54.1883659,0.326058,3.2e-05,,MMT/Hectospec,Cheng+2021
242.63929367,54.866066,0.393684,3.2e-05,,MMT/Hectospec,Cheng+2021
243.04389954,54.7522278,0.28916,3.3e-05,,MMT/Hectospec,Cheng+2021
243.25847626,54.5219765,0.129093,3.3e-05,,MMT/Hectospec,Cheng+2021
243.24385643,54.3454132,0.338524,3.3e-05,,MMT/Hectospec,Cheng+2021
242.57208824,54.9248543,0.335123,3.3e-05,,MMT/Hectospec,Cheng+2021
243.04761887,54.7072258,0.266529,3.3e-05,,MMT/Hectospec,Cheng+2021
242.95277596,54.7171898,0.231702,3.3e-05,,MMT/Hectospec,Cheng+2021
243.31026077,54.2828026,0.337836,3.3e-05,,MMT/Hectospec,Cheng+2021
242.60461807,54.203949,0.266408,3.3e-05,,MMT/Hectospec,Cheng+2021
242.89086342,54.5973434,0.062072,3.3e-05,,MMT/Hectospec,Cheng+2021
241.8758297,54.2694054,0.215154,3.3e-05,,MMT/Hectospec,Cheng+2021
242.5851059,54.4212608,0.236967,3.3e-05,,MMT/Hectospec,Cheng+2021
243.3707428,54.4197807,0.333001,3.3e-05,,MMT/Hectospec,Cheng+2021
242.83987999,54.3358154,0.338806,3.3e-05,,MMT/Hectospec,Cheng+2021
242.98665047,54.5106163,0.336623,3.3e-05,,MMT/Hectospec,Cheng+2021
242.02703476,54.140358,0.233974,3.3e-05,,MMT/Hectospec,Cheng+2021
242.29290962,54.8170319,0.234643,3.3e-05,,MMT/Hectospec,Cheng+2021
243.20194244,54.3044281,0.313019,3.4e-05,,MMT/Hectospec,Cheng+2021
242.88891792,54.2605934,0.333207,3.4e-05,,MMT/Hectospec,Cheng+2021
242.53678322,54.2796745,0.32711,3.4e-05,,MMT/Hectospec,Cheng+2021
242.46700287,54.4203033,0.299142,3.4e-05,,MMT/Hectospec,Cheng+2021
242.04139709,54.4224701,0.38506,3.4e-05,,MMT/Hectospec,Cheng+2021
243.17831039,54.6248474,0.18834,3.4e-05,,MMT/Hectospec,Cheng+2021
242.85558701,54.7377434,0.267379,3.4e-05,,MMT/Hectospec,Cheng+2021
242.08960533,54.649292,0.35979,3.4e-05,,MMT/Hectospec,Cheng+2021
242.52905846,54.2097359,0.268035,3.4e-05,,MMT/Hectospec,Cheng+2021
241.95699692,54.3988075,0.234889,3.4e-05,,MMT/Hectospec,Cheng+2021
242.27811813,54.4511261,0.233772,3.4e-05,,MMT/Hectospec,Cheng+2021
242.34841347,54.8354187,0.4472,3.4e-05,,MMT/Hectospec,Cheng+2021
242.60870934,54.0527382,0.337095,3.4e-05,,MMT/Hectospec,Cheng+2021
242.87678719,54.7139282,0.231893,3.4e-05,,MMT/Hectospec,Cheng+2021
242.75496483,54.5604057,0.234924,3.4e-05,,MMT/Hectospec,Cheng+2021
243.0871582,54.1110802,0.341394,3.4e-05,,MMT/Hectospec,Cheng+2021
242.56393433,54.3308182,0.327976,3.4e-05,,MMT/Hectospec,Cheng+2021
241.83706284,54.1996651,0.233905,3.4e-05,,MMT/Hectospec,Cheng+2021
242.17251778,54.3602409,0.293674,3.4e-05,,MMT/Hectospec,Cheng+2021
242.99079895,54.239151,0.338117,3.4e-05,,MMT/Hectospec,Cheng+2021
243.18426132,54.4437065,0.313055,3.4e-05,,MMT/Hectospec,Cheng+2021
241.75546646,54.4970703,0.236407,3.4e-05,,MMT/Hectospec,Cheng+2021
241.87328339,54.6939125,0.390237,3.4e-05,,MMT/Hectospec,Cheng+2021
241.8956852,54.7402763,0.268705,3.4e-05,,MMT/Hectospec,Cheng+2021
242.68578529,54.5152779,0.386208,3.5e-05,,MMT/Hectospec,Cheng+2021
242.89815903,54.0703468,0.337558,3.5e-05,,MMT/Hectospec,Cheng+2021
243.14469337,54.2819061,0.338812,3.5e-05,,MMT/Hectospec,Cheng+2021
242.09215164,54.209568,0.102958,3.5e-05,,MMT/Hectospec,Cheng+2021
242.50368118,54.9034424,0.335506,3.5e-05,,MMT/Hectospec,Cheng+2021
241.86561584,54.3122749,0.236429,3.5e-05,,MMT/Hectospec,Cheng+2021
243.36968422,54.3621712,0.45556,3.5e-05,,MMT/Hectospec,Cheng+2021
243.0692482,54.2773438,0.199751,3.5e-05,,MMT/Hectospec,Cheng+2021
242.79753685,54.4118652,0.387251,3.5e-05,,MMT/Hectospec,Cheng+2021
242.7526474,53.9684792,0.339902,3.5e-05,,MMT/Hectospec,Cheng+2021
241.85528755,54.3799896,0.298955,3.5e-05,,MMT/Hectospec,Cheng+2021
242.54207611,54.026001,0.337196,3.5e-05,,MMT/Hectospec,Cheng+2021
242.63734818,54.3605423,0.340084,3.5e-05,,MMT/Hectospec,Cheng+2021
242.76334763,54.2459984,0.401145,3.5e-05,,MMT/Hectospec,Cheng+2021
242.66756058,54.1415062,0.338265,3.5e-05,,MMT/Hectospec,Cheng+2021
242.39796638,54.8771362,0.336094,3.5e-05,,MMT/Hectospec,Cheng+2021
242.55792618,54.1097984,0.336052,3.5e-05,,MMT/Hectospec,Cheng+2021
242.59918213,54.1910248,0.352047,3.5e-05,,MMT/Hectospec,Cheng+2021
241.98223114,54.7973404,0.202684,3.5e-05,,MMT/Hectospec,Cheng+2021
242.56868362,54.0505371,0.264146,3.5e-05,,MMT/Hectospec,Cheng+2021
241.85005188,54.470993,0.241464,3.5e-05,,MMT/Hectospec,Cheng+2021
242.0254612,54.6692009,0.234979,3.5e-05,,MMT/Hectospec,Cheng+2021
243.02209854,54.4043541,0.266208,3.6e-05,,MMT/Hectospec,Cheng+2021
243.06075096,54.2184601,0.328787,3.6e-05,,MMT/Hectospec,Cheng+2021
242.73299217,53.9785423,0.264424,3.6e-05,,MMT/Hectospec,Cheng+2021
242.43867874,54.0164032,0.33403,3.6e-05,,MMT/Hectospec,Cheng+2021
241.93917274,54.6922035,0.470183,3.6e-05,,MMT/Hectospec,Cheng+2021
243.22091103,54.1988487,0.339941,3.6e-05,,MMT/Hectospec,Cheng+2021
242.2503376,54.3011856,0.497766,3.6e-05,,MMT/Hectospec,Cheng+2021
242.59806633,54.2751083,0.268268,3.6e-05,,MMT/Hectospec,Cheng+2021
243.23181152,54.4975243,0.349556,3.6e-05,,MMT/Hectospec,Cheng+2021
242.12242126,54.3425331,0.261277,3.6e-05,,MMT/Hectospec,Cheng+2021
241.76550865,54.4755821,0.27639,3.6e-05,,MMT/Hectospec,Cheng+2021
242.44105339,54.8719139,0.215421,3.6e-05,,MMT/Hectospec,Cheng+2021
242.97566414,54.7487411,0.442456,3.6e-05,,MMT/Hectospec,Cheng+2021
242.65620232,54.1031876,0.339178,3.6e-05,,MMT/Hectospec,Cheng+2021
241.89256668,54.6465454,0.379825,3.6e-05,,MMT/Hectospec,Cheng+2021
241.8909359,54.5897789,0.387731,3.6e-05,,MMT/Hectospec,Cheng+2021
242.76105881,54.2173805,0.459341,3.6e-05,,MMT/Hectospec,Cheng+2021
243.19464684,54.7358246,0.3898,3.6e-05,,MMT/Hectospec,Cheng+2021
242.13332176,54.0495911,0.234443,3.6e-05,,MMT/Hectospec,Cheng+2021
243.2194519,54.2794609,0.340035,3.7e-05,,MMT/Hectospec,Cheng+2021
242.22224236,54.192421,0.328059,3.7e-05,,MMT/Hectospec,Cheng+2021
241.79245949,54.3215599,0.391847,3.7e-05,,MMT/Hectospec,Cheng+2021
241.85560226,54.3406487,0.446534,3.7e-05,,MMT/Hectospec,Cheng+2021
242.26369858,54.0480423,0.388142,3.7e-05,,MMT/Hectospec,Cheng+2021
241.88261032,54.1656189,0.233438,3.7e-05,,MMT/Hectospec,Cheng+2021
242.8390789,54.5974846,0.301232,3.7e-05,,MMT/Hectospec,Cheng+2021
242.92499542,54.7053032,0.268613,3.7e-05,,MMT/Hectospec,Cheng+2021
242.16296196,54.0078697,0.233632,3.7e-05,,MMT/Hectospec,Cheng+2021
243.16411972,54.2443237,0.633992,3.7e-05,,MMT/Hectospec,Cheng+2021
241.89866066,54.1810989,0.181174,3.7e-05,,MMT/Hectospec,Cheng+2021
243.01786423,54.4488029,0.326635,3.8e-05,,MMT/Hectospec,Cheng+2021
242.89644241,54.1182938,0.262018,3.8e-05,,MMT/Hectospec,Cheng+2021
242.86952019,54.4069366,0.316399,3.8e-05,,MMT/Hectospec,Cheng+2021
242.91552544,54.3774872,0.351073,3.8e-05,,MMT/Hectospec,Cheng+2021
242.68424034,54.1840477,0.404133,3.8e-05,,MMT/Hectospec,Cheng+2021
242.63943672,54.0635147,0.263005,3.8e-05,,MMT/Hectospec,Cheng+2021
242.45235443,54.0181084,0.333292,3.8e-05,,MMT/Hectospec,Cheng+2021
243.11250687,54.5033913,0.266404,3.8e-05,,MMT/Hectospec,Cheng+2021
243.04484367,54.4682503,0.334882,3.8e-05,,MMT/Hectospec,Cheng+2021
242.2889328,54.4214287,0.153436,3.8e-05,,MMT/Hectospec,Cheng+2021
243.01033974,54.766922,0.300201,3.8e-05,,MMT/Hectospec,Cheng+2021
242.94296265,54.0878105,0.307587,3.8e-05,,MMT/Hectospec,Cheng+2021
241.97256088,54.5558777,0.263263,3.8e-05,,MMT/Hectospec,Cheng+2021
242.97881126,54.741703,0.441647,3.8e-05,,MMT/Hectospec,Cheng+2021
243.12117577,54.4100151,0.323723,3.8e-05,,MMT/Hectospec,Cheng+2021
243.13914299,54.7733116,0.490862,3.8e-05,,MMT/Hectospec,Cheng+2021
242.96896935,54.5420685,0.266176,3.8e-05,,MMT/Hectospec,Cheng+2021
242.0579052,54.3725204,0.28498,3.8e-05,,MMT/Hectospec,Cheng+2021
243.08223724,54.3615837,0.334443,3.9e-05,,MMT/Hectospec,Cheng+2021
242.10425377,54.8125267,0.441935,3.9e-05,,MMT/Hectospec,Cheng+2021
242.55921364,54.570137,0.271308,3.9e-05,,MMT/Hectospec,Cheng+2021
243.11860085,54.6307487,0.209782,3.9e-05,,MMT/Hectospec,Cheng+2021
243.18094254,54.4314232,0.32894,3.9e-05,,MMT/Hectospec,Cheng+2021
242.55063057,54.1273117,0.267493,3.9e-05,,MMT/Hectospec,Cheng+2021
242.88674355,54.8452301,0.262212,3.9e-05,,MMT/Hectospec,Cheng+2021
242.56052971,54.3552742,0.336557,3.9e-05,,MMT/Hectospec,Cheng+2021
242.8441143,54.2658844,0.460001,3.9e-05,,MMT/Hectospec,Cheng+2021
241.93144798,54.1440811,0.328995,3.9e-05,,MMT/Hectospec,Cheng+2021
242.06540108,54.5702782,0.337375,3.9e-05,,MMT/Hectospec,Cheng+2021
242.95083046,54.7184753,0.232597,3.9e-05,,MMT/Hectospec,Cheng+2021
243.09033394,54.2048225,0.28257,3.9e-05,,MMT/Hectospec,Cheng+2021
242.31279373,54.8122902,0.234198,3.9e-05,,MMT/Hectospec,Cheng+2021
241.8154335,54.5041466,0.387194,4e-05,,MMT/Hectospec,Cheng+2021
243.06570053,54.1269531,0.231969,4e-05,,MMT/Hectospec,Cheng+2021
242.5286293,54.9083672,0.235786,4e-05,,MMT/Hectospec,Cheng+2021
242.7545929,54.6926842,0.383286,4e-05,,MMT/Hectospec,Cheng+2021
242.60521889,54.4062119,0.403578,4e-05,,MMT/Hectospec,Cheng+2021
242.61606216,54.1463127,0.335492,4e-05,,MMT/Hectospec,Cheng+2021
242.00529099,54.4105492,0.337166,4e-05,,MMT/Hectospec,Cheng+2021
242.06625938,54.3622818,0.448546,4e-05,,MMT/Hectospec,Cheng+2021
242.49332428,54.8355751,0.387998,4e-05,,MMT/Hectospec,Cheng+2021
242.59820938,54.7185211,0.233174,4e-05,,MMT/Hectospec,Cheng+2021
243.15796852,54.4081039,0.324207,4e-05,,MMT/Hectospec,Cheng+2021
242.5392437,53.9896011,0.227884,4e-05,,MMT/Hectospec,Cheng+2021
242.99720764,54.3273315,0.209539,4e-05,,MMT/Hectospec,Cheng+2021
242.21111298,53.9920654,0.548964,4e-05,,MMT/Hectospec,Cheng+2021
241.99799538,54.4087906,0.33749,4e-05,,MMT/Hectospec,Cheng+2021
242.25457191,54.1241608,0.328437,4e-05,,MMT/Hectospec,Cheng+2021
242.39089966,54.3228607,0.337728,4e-05,,MMT/Hectospec,Cheng+2021
242.33991623,54.3059158,0.190309,4e-05,,MMT/Hectospec,Cheng+2021
242.10823059,54.1655464,0.234993,4e-05,,MMT/Hectospec,Cheng+2021
242.41187096,54.7190361,0.235145,4e-05,,MMT/Hectospec,Cheng+2021
242.35482216,54.8357849,0.387732,4e-05,,MMT/Hectospec,Cheng+2021
243.16151619,54.6404686,0.4924,4e-05,,MMT/Hectospec,Cheng+2021
241.8721962,54.2526894,0.373653,4e-05,,MMT/Hectospec,Cheng+2021
242.61777878,54.1577377,0.267137,4e-05,,MMT/Hectospec,Cheng+2021
242.87266731,54.7911758,0.529337,4.1e-05,,MMT/Hectospec,Cheng+2021
241.8464756,54.5366669,0.338878,4.1e-05,,MMT/Hectospec,Cheng+2021
241.78396225,54.6416931,0.388824,4.1e-05,,MMT/Hectospec,Cheng+2021
242.85933495,54.4042931,0.265505,4.1e-05,,MMT/Hectospec,Cheng+2021
243.25206757,54.6613388,0.449075,4.1e-05,,MMT/Hectospec,Cheng+2021
242.64739037,54.3949127,0.284373,4.1e-05,,MMT/Hectospec,Cheng+2021
242.04557419,54.1829796,0.338078,4.1e-05,,MMT/Hectospec,Cheng+2021
242.91701317,54.2509041,0.333324,4.1e-05,,MMT/Hectospec,Cheng+2021
243.23584557,54.6521111,0.289831,4.1e-05,,MMT/Hectospec,Cheng+2021
242.97017097,54.5041733,0.334687,4.1e-05,,MMT/Hectospec,Cheng+2021
242.90047646,54.4193192,0.316924,4.1e-05,,MMT/Hectospec,Cheng+2021
242.07856178,54.8291016,0.24335,4.1e-05,,MMT/Hectospec,Cheng+2021
242.98301697,54.3506241,0.333775,4.2e-05,,MMT/Hectospec,Cheng+2021
242.65849113,53.999218,0.393835,4.2e-05,,MMT/Hectospec,Cheng+2021
242.42088318,54.9147491,0.267412,4.2e-05,,MMT/Hectospec,Cheng+2021
243.27484131,54.2871742,0.329205,4.2e-05,,MMT/Hectospec,Cheng+2021
242.47859001,54.924633,0.354261,4.2e-05,,MMT/Hectospec,Cheng+2021
243.05726051,54.4122734,0.265481,4.2e-05,,MMT/Hectospec,Cheng+2021
242.36163139,54.4383965,0.448156,4.2e-05,,MMT/Hectospec,Cheng+2021
242.60401726,54.2264519,0.266345,4.2e-05,,MMT/Hectospec,Cheng+2021
242.88356781,54.2536507,0.3307,4.2e-05,,MMT/Hectospec,Cheng+2021
242.19926834,54.1606293,0.324638,4.2e-05,,MMT/Hectospec,Cheng+2021
241.99539185,54.2678604,0.338811,4.2e-05,,MMT/Hectospec,Cheng+2021
243.09365273,54.6032829,0.405377,4.2e-05,,MMT/Hectospec,Cheng+2021
243.20108414,54.4039803,0.318615,4.2e-05,,MMT/Hectospec,Cheng+2021
243.21722031,54.1274834,0.399291,4.2e-05,,MMT/Hectospec,Cheng+2021
242.23649025,54.335598,0.263474,4.2e-05,,MMT/Hectospec,Cheng+2021
241.96432114,54.5624008,0.388968,4.2e-05,,MMT/Hectospec,Cheng+2021
241.83566093,54.5770149,0.402664,4.2e-05,,MMT/Hectospec,Cheng+2021
242.88053513,54.2139206,0.333685,4.2e-05,,MMT/Hectospec,Cheng+2021
243.20199966,54.60849,0.210481,4.2e-05,,MMT/Hectospec,Cheng+2021
243.33944321,54.5793648,0.449518,4.2e-05,,MMT/Hectospec,Cheng+2021
243.23633194,54.3369942,0.417241,4.2e-05,,MMT/Hectospec,Cheng+2021
242.11177826,54.0744057,0.337312,4.2e-05,,MMT/Hectospec,Cheng+2021
243.11665535,54.1864128,0.292852,4.3e-05,,MMT/Hectospec,Cheng+2021
242.08293915,54.2904091,0.494357,4.3e-05,,MMT/Hectospec,Cheng+2021
242.09758759,54.3438187,0.34461,4.3e-05,,MMT/Hectospec,Cheng+2021
242.1216774,54.0808868,0.23327,4.3e-05,,MMT/Hectospec,Cheng+2021
242.43244171,54.191082,0.580901,4.3e-05,,MMT/Hectospec,Cheng+2021
243.21641922,54.6611443,0.492406,4.3e-05,,MMT/Hectospec,Cheng+2021
242.75605202,54.4256477,0.327302,4.4e-05,,MMT/Hectospec,Cheng+2021
243.07528496,54.1954002,0.282808,4.4e-05,,MMT/Hectospec,Cheng+2021
242.73859978,54.1796227,0.33864,4.4e-05,,MMT/Hectospec,Cheng+2021
242.5585556,54.05476,0.357671,4.4e-05,,MMT/Hectospec,Cheng+2021
243.25000763,54.5951729,0.328534,4.4e-05,,MMT/Hectospec,Cheng+2021
241.91170692,54.2967224,0.263417,4.4e-05,,MMT/Hectospec,Cheng+2021
242.04709053,54.4137611,0.262461,4.4e-05,,MMT/Hectospec,Cheng+2021
242.93944359,54.4066696,0.265506,4.4e-05,,MMT/Hectospec,Cheng+2021
242.04174042,54.3108025,0.19017,4.4e-05,,MMT/Hectospec,Cheng+2021
243.25198174,54.2643738,0.386297,4.4e-05,,MMT/Hectospec,Cheng+2021
243.02956581,54.4953384,0.432777,4.4e-05,,MMT/Hectospec,Cheng+2021
241.76922798,54.41819,0.41761,4.4e-05,,MMT/Hectospec,Cheng+2021
242.36537933,54.7817001,0.328357,4.4e-05,,MMT/Hectospec,Cheng+2021
243.10941696,54.1330681,0.150802,4.4e-05,,MMT/Hectospec,Cheng+2021
243.34061623,54.3281364,0.388397,4.4e-05,,MMT/Hectospec,Cheng+2021
243.16308975,54.4088898,0.432767,4.5e-05,,MMT/Hectospec,Cheng+2021
243.29755783,54.2899551,0.291308,4.5e-05,,MMT/Hectospec,Cheng+2021
243.2443428,54.390728,0.393024,4.5e-05,,MMT/Hectospec,Cheng+2021
242.01024055,54.1716042,0.235036,4.5e-05,,MMT/Hectospec,Cheng+2021
242.00374603,54.1709442,0.420515,4.5e-05,,MMT/Hectospec,Cheng+2021
242.00062752,54.1368217,0.499122,4.5e-05,,MMT/Hectospec,Cheng+2021
243.25627327,54.445137,0.264467,4.6e-05,,MMT/Hectospec,Cheng+2021
243.17785263,54.3777084,0.316738,4.6e-05,,MMT/Hectospec,Cheng+2021
243.04718971,54.1040611,0.328925,4.6e-05,,MMT/Hectospec,Cheng+2021
242.54671097,54.0763893,0.26097,4.6e-05,,MMT/Hectospec,Cheng+2021
241.89660072,54.2386475,0.261404,4.6e-05,,MMT/Hectospec,Cheng+2021
242.0475769,54.6928024,0.385501,4.6e-05,,MMT/Hectospec,Cheng+2021
242.93492317,54.6651459,0.335503,4.6e-05,,MMT/Hectospec,Cheng+2021
242.68266678,54.2838631,0.262117,4.6e-05,,MMT/Hectospec,Cheng+2021
242.41613388,54.2525673,0.264858,4.6e-05,,MMT/Hectospec,Cheng+2021
242.4234581,54.1600647,0.327752,4.6e-05,,MMT/Hectospec,Cheng+2021
241.84862137,54.6716347,0.380946,4.6e-05,,MMT/Hectospec,Cheng+2021
241.95854187,54.5384369,0.402731,4.6e-05,,MMT/Hectospec,Cheng+2021
242.02403069,54.2037926,0.56406,4.7e-05,,MMT/Hectospec,Cheng+2021
242.52290726,54.4855156,0.257722,4.7e-05,,MMT/Hectospec,Cheng+2021
242.37916946,54.5943146,0.416923,4.7e-05,,MMT/Hectospec,Cheng+2021
241.92006111,54.1226425,0.23391,4.7e-05,,MMT/Hectospec,Cheng+2021
242.73928642,54.1257973,0.338215,4.7e-05,,MMT/Hectospec,Cheng+2021
241.9261837,54.1381836,0.212552,4.7e-05,,MMT/Hectospec,Cheng+2021
243.0264473,54.5909309,0.351269,4.7e-05,,MMT/Hectospec,Cheng+2021
242.18316078,54.8373566,0.264212,4.7e-05,,MMT/Hectospec,Cheng+2021
241.84650421,54.4066811,0.283505,4.7e-05,,MMT/Hectospec,Cheng+2021
242.09458351,54.2075043,0.243082,4.8e-05,,MMT/Hectospec,Cheng+2021
241.99390411,54.3072968,0.500076,4.8e-05,,MMT/Hectospec,Cheng+2021
241.92515373,54.4309616,0.335907,4.8e-05,,MMT/Hectospec,Cheng+2021
242.58075714,54.5960274,0.235892,4.8e-05,,MMT/Hectospec,Cheng+2021
242.51180649,54.4355164,0.263056,4.8e-05,,MMT/Hectospec,Cheng+2021
242.29903221,54.6568222,0.352714,4.8e-05,,MMT/Hectospec,Cheng+2021
242.73542404,54.1742897,0.333291,4.8e-05,,MMT/Hectospec,Cheng+2021
242.56121635,54.0180092,0.47348,4.8e-05,,MMT/Hectospec,Cheng+2021
242.12805748,54.469574,0.352924,4.8e-05,,MMT/Hectospec,Cheng+2021
242.82840729,54.3288307,0.350056,4.8e-05,,MMT/Hectospec,Cheng+2021
242.18914032,54.3664932,0.390606,4.8e-05,,MMT/Hectospec,Cheng+2021
243.17112923,54.6521568,0.211742,4.8e-05,,MMT/Hectospec,Cheng+2021
242.60745049,54.1498642,0.423262,4.8e-05,,MMT/Hectospec,Cheng+2021
242.49738693,54.9007568,0.458986,4.8e-05,,MMT/Hectospec,Cheng+2021
243.06358337,54.6953773,0.209524,4.9e-05,,MMT/Hectospec,Cheng+2021
242.55097389,54.3008347,0.524243,4.9e-05,,MMT/Hectospec,Cheng+2021
241.79635048,54.2309799,0.441807,4.9e-05,,MMT/Hectospec,Cheng+2021
241.81471825,54.451252,0.172399,4.9e-05,,MMT/Hectospec,Cheng+2021
241.78078651,54.4617195,0.443785,4.9e-05,,MMT/Hectospec,Cheng+2021
243.04278374,54.4844933,0.26752,4.9e-05,,MMT/Hectospec,Cheng+2021
243.02647591,54.4604187,0.416787,4.9e-05,,MMT/Hectospec,Cheng+2021
242.09721565,54.1469612,0.234918,4.9e-05,,MMT/Hectospec,Cheng+2021
242.75364876,54.5820732,0.336329,4.9e-05,,MMT/Hectospec,Cheng+2021
242.16899872,54.8188896,0.528237,4.9e-05,,MMT/Hectospec,Cheng+2021
242.13955879,54.5068703,0.43276,4.9e-05,,MMT/Hectospec,Cheng+2021
242.90279388,54.654377,0.314168,5e-05,,MMT/Hectospec,Cheng+2021
243.04201126,54.6541595,0.235857,5e-05,,MMT/Hectospec,Cheng+2021
243.19742203,54.2657318,0.33971,5e-05,,MMT/Hectospec,Cheng+2021
243.15628052,54.4577408,0.493608,5e-05,,MMT/Hectospec,Cheng+2021
242.86986351,54.1029701,0.335088,5e-05,,MMT/Hectospec,Cheng+2021
242.92628288,54.105423,0.34135,5e-05,,MMT/Hectospec,Cheng+2021
242.38537788,54.761673,0.322411,5e-05,,MMT/Hectospec,Cheng+2021
242.0019722,54.1716003,0.233865,5e-05,,MMT/Hectospec,Cheng+2021
242.2187233,54.4919586,0.263479,5e-05,,MMT/Hectospec,Cheng+2021
243.10366631,54.1069412,0.340284,5.1e-05,,MMT/Hectospec,Cheng+2021
241.85028076,54.4248466,0.417721,5.1e-05,,MMT/Hectospec,Cheng+2021
242.74555206,54.3460312,0.337659,5.1e-05,,MMT/Hectospec,Cheng+2021
242.74100304,54.0722733,0.232585,5.1e-05,,MMT/Hectospec,Cheng+2021
242.32229233,54.2587395,0.350623,5.1e-05,,MMT/Hectospec,Cheng+2021
242.03289986,54.2567825,0.491787,5.1e-05,,MMT/Hectospec,Cheng+2021
243.02501678,54.4655533,0.416873,5.1e-05,,MMT/Hectospec,Cheng+2021
243.18620682,54.6454353,0.210994,5.1e-05,,MMT/Hectospec,Cheng+2021
243.26937675,54.6348763,0.448915,5.1e-05,,MMT/Hectospec,Cheng+2021
241.97710991,54.5773888,0.337307,5.1e-05,,MMT/Hectospec,Cheng+2021
241.97788239,54.1469269,0.235821,5.1e-05,,MMT/Hectospec,Cheng+2021
243.01383018,54.0949249,0.337405,5.2e-05,,MMT/Hectospec,Cheng+2021
241.87937737,54.2485008,0.155384,5.2e-05,,MMT/Hectospec,Cheng+2021
243.13376427,54.6645012,0.210912,5.2e-05,,MMT/Hectospec,Cheng+2021
243.14048767,54.483551,0.26588,5.2e-05,,MMT/Hectospec,Cheng+2021
242.91870117,54.3781929,0.264233,5.2e-05,,MMT/Hectospec,Cheng+2021
241.83709145,54.2842598,0.238497,5.2e-05,,MMT/Hectospec,Cheng+2021
242.8930378,54.2216187,0.265466,5.2e-05,,MMT/Hectospec,Cheng+2021
243.07336807,54.8084908,0.351867,5.2e-05,,MMT/Hectospec,Cheng+2021
243.15359116,54.1606903,0.152517,5.2e-05,,MMT/Hectospec,Cheng+2021
242.99460411,54.7937355,0.450058,5.2e-05,,MMT/Hectospec,Cheng+2021
242.81275749,54.0235825,0.476279,5.2e-05,,MMT/Hectospec,Cheng+2021
241.93119049,54.1810303,0.28964,5.2e-05,,MMT/Hectospec,Cheng+2021
243.0303669,54.837368,0.332994,5.3e-05,,MMT/Hectospec,Cheng+2021
241.74965858,54.3368874,0.238993,5.3e-05,,MMT/Hectospec,Cheng+2021
242.11306572,54.4716339,0.391022,5.3e-05,,MMT/Hectospec,Cheng+2021
242.53171921,54.8516312,0.385987,5.3e-05,,MMT/Hectospec,Cheng+2021
242.66364098,54.3731613,0.336146,5.3e-05,,MMT/Hectospec,Cheng+2021
242.17197418,54.3155556,0.260745,5.3e-05,,MMT/Hectospec,Cheng+2021
242.71436691,54.0753365,0.30683,5.3e-05,,MMT/Hectospec,Cheng+2021
243.06341171,54.5785294,0.48953,5.3e-05,,MMT/Hectospec,Cheng+2021
242.58759499,54.4579735,0.284421,5.3e-05,,MMT/Hectospec,Cheng+2021
241.81832314,54.3284035,0.385363,5.3e-05,,MMT/Hectospec,Cheng+2021
243.19876671,54.2554626,0.137244,5.4e-05,,MMT/Hectospec,Cheng+2021
243.17876816,54.4299393,0.329269,5.4e-05,,MMT/Hectospec,Cheng+2021
242.76248932,54.7264061,0.338026,5.4e-05,,MMT/Hectospec,Cheng+2021
243.29071999,54.2647438,0.328637,5.4e-05,,MMT/Hectospec,Cheng+2021
242.77155876,53.9886932,0.34898,5.4e-05,,MMT/Hectospec,Cheng+2021
241.71890259,54.4103889,0.417704,5.4e-05,,MMT/Hectospec,Cheng+2021
242.15678215,54.5175819,0.38506,5.4e-05,,MMT/Hectospec,Cheng+2021
243.23003769,54.485508,0.450364,5.4e-05,,MMT/Hectospec,Cheng+2021
242.66255379,54.4913864,0.385981,5.4e-05,,MMT/Hectospec,Cheng+2021
242.88814545,54.2862206,0.336294,5.5e-05,,MMT/Hectospec,Cheng+2021
242.98939705,54.1598663,0.399568,5.5e-05,,MMT/Hectospec,Cheng+2021
243.16480637,54.4920769,0.288723,5.5e-05,,MMT/Hectospec,Cheng+2021
241.7530632,54.2708397,0.430631,5.5e-05,,MMT/Hectospec,Cheng+2021
242.72123337,54.4257431,0.337945,5.5e-05,,MMT/Hectospec,Cheng+2021
243.30488205,54.4274178,0.319327,5.5e-05,,MMT/Hectospec,Cheng+2021
242.77650833,53.9568138,0.261388,5.5e-05,,MMT/Hectospec,Cheng+2021
243.26989174,54.4712143,0.126051,5.6e-05,,MMT/Hectospec,Cheng+2021
242.88445473,53.9966431,0.448289,5.6e-05,,MMT/Hectospec,Cheng+2021
241.73592567,54.3448792,0.338238,5.6e-05,,MMT/Hectospec,Cheng+2021
241.98529243,54.5469589,0.250368,5.6e-05,,MMT/Hectospec,Cheng+2021
243.16749573,54.1498337,0.15345,5.6e-05,,MMT/Hectospec,Cheng+2021
241.82450294,54.3673363,0.263911,5.6e-05,,MMT/Hectospec,Cheng+2021
241.97439194,54.137989,0.498964,5.6e-05,,MMT/Hectospec,Cheng+2021
243.21118355,54.6848412,0.330864,5.6e-05,,MMT/Hectospec,Cheng+2021
241.75603867,54.3829536,0.417068,5.6e-05,,MMT/Hectospec,Cheng+2021
242.71307945,54.2351151,0.266681,5.6e-05,,MMT/Hectospec,Cheng+2021
242.08159447,54.4281235,0.506422,5.6e-05,,MMT/Hectospec,Cheng+2021
243.21604729,54.5000763,0.336129,5.7e-05,,MMT/Hectospec,Cheng+2021
242.55023003,54.1864395,0.267663,5.7e-05,,MMT/Hectospec,Cheng+2021
242.15203285,54.2177086,0.337905,5.7e-05,,MMT/Hectospec,Cheng+2021
242.91832924,54.3925323,0.349695,5.7e-05,,MMT/Hectospec,Cheng+2021
242.59818077,54.1949425,0.341938,5.7e-05,,MMT/Hectospec,Cheng+2021
242.71193504,54.2943459,0.264507,5.7e-05,,MMT/Hectospec,Cheng+2021
241.81225777,54.3507462,0.263218,5.7e-05,,MMT/Hectospec,Cheng+2021
243.19716454,54.508831,0.38528,5.8e-05,,MMT/Hectospec,Cheng+2021
242.68080711,54.7229843,0.441573,5.8e-05,,MMT/Hectospec,Cheng+2021
242.93832779,54.6525917,0.351877,5.8e-05,,MMT/Hectospec,Cheng+2021
241.90930367,54.1592674,0.232962,5.8e-05,,MMT/Hectospec,Cheng+2021
242.58012772,54.3132362,0.338171,5.8e-05,,MMT/Hectospec,Cheng+2021
242.89323807,54.7162552,0.414432,5.8e-05,,MMT/Hectospec,Cheng+2021
242.03009605,54.5084305,0.390833,5.8e-05,,MMT/Hectospec,Cheng+2021
242.99188614,54.5308647,0.44997,5.8e-05,,MMT/Hectospec,Cheng+2021
242.9750061,54.650032,0.332547,5.9e-05,,MMT/Hectospec,Cheng+2021
242.83252716,54.8896751,0.385837,5.9e-05,,MMT/Hectospec,Cheng+2021
242.67751694,54.6574516,0.417943,5.9e-05,,MMT/Hectospec,Cheng+2021
242.75250435,54.3614464,0.161793,5.9e-05,,MMT/Hectospec,Cheng+2021
243.18348885,54.6282005,0.334898,5.9e-05,,MMT/Hectospec,Cheng+2021
243.18228722,54.212944,0.340111,6e-05,,MMT/Hectospec,Cheng+2021
241.82805061,54.1887398,0.374147,6e-05,,MMT/Hectospec,Cheng+2021
242.33161926,54.1893921,0.328374,6e-05,,MMT/Hectospec,Cheng+2021
242.43358612,54.7398758,0.483488,6e-05,,MMT/Hectospec,Cheng+2021
243.12257767,54.6343765,0.210668,6.1e-05,,MMT/Hectospec,Cheng+2021
241.93811417,54.1858406,0.234623,6.1e-05,,MMT/Hectospec,Cheng+2021
243.0910778,54.8118629,0.333573,6.1e-05,,MMT/Hectospec,Cheng+2021
242.35327721,54.3647118,0.441394,6.1e-05,,MMT/Hectospec,Cheng+2021
241.95118904,54.3178024,0.297475,6.1e-05,,MMT/Hectospec,Cheng+2021
241.9829464,54.4069939,0.334989,6.1e-05,,MMT/Hectospec,Cheng+2021
242.37341881,54.0965538,0.233828,6.1e-05,,MMT/Hectospec,Cheng+2021
242.7716732,54.8708038,0.387257,6.2e-05,,MMT/Hectospec,Cheng+2021
242.3406601,54.017662,0.53165,6.2e-05,,MMT/Hectospec,Cheng+2021
243.08747292,54.4712982,0.449372,6.2e-05,,MMT/Hectospec,Cheng+2021
243.14143181,54.6145897,0.501613,6.3e-05,,MMT/Hectospec,Cheng+2021
242.72134781,53.9620781,0.261988,6.3e-05,,MMT/Hectospec,Cheng+2021
243.27581406,54.2064018,0.151142,6.3e-05,,MMT/Hectospec,Cheng+2021
242.66103745,54.7460556,0.38562,6.3e-05,,MMT/Hectospec,Cheng+2021
242.87372589,54.2904282,0.336353,6.3e-05,,MMT/Hectospec,Cheng+2021
241.84556007,54.6066475,0.432466,6.3e-05,,MMT/Hectospec,Cheng+2021
242.79868126,54.2141724,0.401192,6.4e-05,,MMT/Hectospec,Cheng+2021
242.76715279,54.3060989,0.338118,6.4e-05,,MMT/Hectospec,Cheng+2021
242.21858025,53.9788361,0.339744,6.4e-05,,MMT/Hectospec,Cheng+2021
242.31734276,54.2694359,0.190277,6.4e-05,,MMT/Hectospec,Cheng+2021
241.78653717,54.2813301,0.431686,6.4e-05,,MMT/Hectospec,Cheng+2021
242.77127266,54.8392944,0.384191,6.4e-05,,MMT/Hectospec,Cheng+2021
242.23405838,54.2809029,0.944732,6.4e-05,,MMT/Hectospec,Cheng+2021
242.87057877,54.4582901,0.316318,6.4e-05,,MMT/Hectospec,Cheng+2021
242.6153183,54.3693161,0.337347,6.4e-05,,MMT/Hectospec,Cheng+2021
242.09941864,54.4084473,0.40706,6.4e-05,,MMT/Hectospec,Cheng+2021
243.15917015,54.2279663,0.338799,6.5e-05,,MMT/Hectospec,Cheng+2021
242.09856033,54.0917206,0.234695,6.5e-05,,MMT/Hectospec,Cheng+2021
241.74333572,54.293148,0.270153,6.5e-05,,MMT/Hectospec,Cheng+2021
242.40743637,54.7779007,0.234344,6.5e-05,,MMT/Hectospec,Cheng+2021
242.96808243,54.4027023,0.531839,6.5e-05,,MMT/Hectospec,Cheng+2021
242.82108307,54.0349617,0.337702,6.5e-05,,MMT/Hectospec,Cheng+2021
241.90252304,54.2747498,0.260787,6.5e-05,,MMT/Hectospec,Cheng+2021
241.78853989,54.4078751,0.446272,6.5e-05,,MMT/Hectospec,Cheng+2021
242.82769203,54.0802383,0.337385,6.5e-05,,MMT/Hectospec,Cheng+2021
242.45415688,53.9889069,0.169115,6.5e-05,,MMT/Hectospec,Cheng+2021
241.87168121,54.5582199,0.39062,6.5e-05,,MMT/Hectospec,Cheng+2021
242.35725403,54.5766373,0.526516,6.6e-05,,MMT/Hectospec,Cheng+2021
242.19815254,54.1801224,0.269517,6.6e-05,,MMT/Hectospec,Cheng+2021
242.9182148,54.398613,0.265826,6.6e-05,,MMT/Hectospec,Cheng+2021
241.9348526,54.2987823,0.391476,6.6e-05,,MMT/Hectospec,Cheng+2021
242.66318321,54.7336006,0.302894,6.7e-05,,MMT/Hectospec,Cheng+2021
242.78594971,54.8858414,0.295762,6.7e-05,,MMT/Hectospec,Cheng+2021
243.20288658,54.4615211,0.266607,6.7e-05,,MMT/Hectospec,Cheng+2021
242.76875496,54.7084885,0.385304,6.8e-05,,MMT/Hectospec,Cheng+2021
242.75007248,54.1383095,0.332803,6.8e-05,,MMT/Hectospec,Cheng+2021
242.74354935,54.88274,0.386101,6.8e-05,,MMT/Hectospec,Cheng+2021
242.75170326,54.6579475,0.266764,6.8e-05,,MMT/Hectospec,Cheng+2021
242.514925,54.8123283,0.232527,6.9e-05,,MMT/Hectospec,Cheng+2021
242.58748055,53.9958305,0.391957,6.9e-05,,MMT/Hectospec,Cheng+2021
242.7943325,54.66642,0.313572,6.9e-05,,MMT/Hectospec,Cheng+2021
243.11551094,54.1792297,0.339087,6.9e-05,,MMT/Hectospec,Cheng+2021
242.86986351,54.1803093,0.332808,6.9e-05,,MMT/Hectospec,Cheng+2021
242.58524895,54.2445717,0.268462,6.9e-05,,MMT/Hectospec,Cheng+2021
242.45713234,54.2736359,0.468435,7e-05,,MMT/Hectospec,Cheng+2021
241.82805061,54.4130478,0.451744,7e-05,,MMT/Hectospec,Cheng+2021
242.1974659,54.6020279,0.353141,7e-05,,MMT/Hectospec,Cheng+2021
243.26668739,54.6932373,0.350712,7.1e-05,,MMT/Hectospec,Cheng+2021
242.43627548,54.2902794,0.243901,7.1e-05,,MMT/Hectospec,Cheng+2021
242.51933098,54.2953224,0.402257,7.1e-05,,MMT/Hectospec,Cheng+2021
241.85900688,54.4232025,0.441051,7.1e-05,,MMT/Hectospec,Cheng+2021
243.36853981,54.318821,0.341372,7.1e-05,,MMT/Hectospec,Cheng+2021
242.58356094,53.9977798,0.468005,7.1e-05,,MMT/Hectospec,Cheng+2021
243.30771446,54.2733498,0.454331,7.2e-05,,MMT/Hectospec,Cheng+2021
242.06688881,54.5601654,0.35445,7.2e-05,,MMT/Hectospec,Cheng+2021
242.59989738,54.7894859,0.327174,7.2e-05,,MMT/Hectospec,Cheng+2021
243.12875748,54.1272469,0.282182,7.2e-05,,MMT/Hectospec,Cheng+2021
242.94024467,54.0494537,0.336761,7.3e-05,,MMT/Hectospec,Cheng+2021
243.16755295,54.579586,0.391898,7.3e-05,,MMT/Hectospec,Cheng+2021
242.13103294,54.5363083,0.352556,7.3e-05,,MMT/Hectospec,Cheng+2021
242.35247612,54.4696426,0.262933,7.3e-05,,MMT/Hectospec,Cheng+2021
242.64424324,54.3874664,0.336759,7.4e-05,,MMT/Hectospec,Cheng+2021
242.00291634,54.1510391,0.316747,7.4e-05,,MMT/Hectospec,Cheng+2021
243.10200691,54.617981,0.210446,7.6e-05,,MMT/Hectospec,Cheng+2021
243.27155113,54.4628906,0.587474,7.6e-05,,MMT/Hectospec,Cheng+2021
242.88076401,53.9982491,0.338055,7.7e-05,,MMT/Hectospec,Cheng+2021
242.56702423,54.1916542,0.269863,7.7e-05,,MMT/Hectospec,Cheng+2021
242.40755081,54.3805847,0.467108,7.7e-05,,MMT/Hectospec,Cheng+2021
242.31388092,54.431366,0.407448,7.7e-05,,MMT/Hectospec,Cheng+2021
241.98612213,54.0949364,0.337686,7.7e-05,,MMT/Hectospec,Cheng+2021
242.2399807,54.358284,0.264443,7.9e-05,,MMT/Hectospec,Cheng+2021
243.23349953,54.2015686,0.232694,7.9e-05,,MMT/Hectospec,Cheng+2021
242.55214691,54.8868446,0.335714,8e-05,,MMT/Hectospec,Cheng+2021
243.04676056,54.329422,0.33586,8e-05,,MMT/Hectospec,Cheng+2021
242.90754318,54.3212242,0.311965,8e-05,,MMT/Hectospec,Cheng+2021
241.91631317,54.1783524,0.610377,8e-05,,MMT/Hectospec,Cheng+2021
242.39882469,54.2402534,0.390291,8e-05,,MMT/Hectospec,Cheng+2021
243.17673683,54.5388603,0.289292,8.1e-05,,MMT/Hectospec,Cheng+2021
242.85298347,54.25877,0.337094,8.1e-05,,MMT/Hectospec,Cheng+2021
242.87590027,54.1195068,0.482447,8.1e-05,,MMT/Hectospec,Cheng+2021
242.42471695,54.4508247,0.263167,8.2e-05,,MMT/Hectospec,Cheng+2021
243.21335793,54.4677277,0.394493,8.2e-05,,MMT/Hectospec,Cheng+2021
241.87949181,54.3912582,0.38561,8.2e-05,,MMT/Hectospec,Cheng+2021
242.9973793,54.8457413,0.470881,8.3e-05,,MMT/Hectospec,Cheng+2021
241.83938026,54.4497261,0.257494,8.4e-05,,MMT/Hectospec,Cheng+2021
241.876688,54.4585609,0.498859,8.4e-05,,MMT/Hectospec,Cheng+2021
242.42079735,54.4433937,0.407248,8.6e-05,,MMT/Hectospec,Cheng+2021
242.44259834,54.8596611,0.29242,8.9e-05,,MMT/Hectospec,Cheng+2021
241.80584908,54.4820557,0.441911,9e-05,,MMT/Hectospec,Cheng+2021
242.40729332,54.1513748,0.472713,9e-05,,MMT/Hectospec,Cheng+2021
242.41496086,54.0094223,0.268458,9.5e-05,,MMT/Hectospec,Cheng+2021
241.89954758,54.464283,0.214503,9.5e-05,,MMT/Hectospec,Cheng+2021
242.34841347,54.3194199,0.233368,9.6e-05,,MMT/Hectospec,Cheng+2021
243.09193611,54.5083847,0.127444,9.6e-05,,MMT/Hectospec,Cheng+2021
243.15639496,54.4213676,0.432739,9.8e-05,,MMT/Hectospec,Cheng+2021
242.68856049,54.7932587,0.335849,9.8e-05,,MMT/Hectospec,Cheng+2021
243.03417206,54.4129372,0.34956,9.9e-05,,MMT/Hectospec,Cheng+2021
241.954422,54.5771484,0.496403,9.9e-05,,MMT/Hectospec,Cheng+2021
241.98228836,54.2685127,0.563045,0.0001,,MMT/Hectospec,Cheng+2021
242.3401165,54.5820465,0.386974,0.000101,,MMT/Hectospec,Cheng+2021
243.01540375,54.2344437,0.336771,0.000101,,MMT/Hectospec,Cheng+2021
243.04329872,54.5654831,0.490405,0.000102,,MMT/Hectospec,Cheng+2021
242.76892662,54.7222023,0.491764,0.000103,,MMT/Hectospec,Cheng+2021
243.04289818,54.3837624,0.315136,0.000103,,MMT/Hectospec,Cheng+2021
242.83802032,54.3232155,0.35037,0.000103,,MMT/Hectospec,Cheng+2021
242.28135109,54.8859901,0.441428,0.000103,,MMT/Hectospec,Cheng+2021
242.47615814,54.7637329,0.551364,0.000105,,MMT/Hectospec,Cheng+2021
243.02149773,54.8244476,0.06347,0.000105,,MMT/Hectospec,Cheng+2021
242.89524078,54.1386871,0.33747,0.000105,,MMT/Hectospec,Cheng+2021
243.09534073,54.715332,0.270124,0.000109,,MMT/Hectospec,Cheng+2021
243.13785553,54.3031311,0.438078,0.000115,,MMT/Hectospec,Cheng+2021
242.55998611,54.0154114,0.262075,0.000115,,MMT/Hectospec,Cheng+2021
241.87216759,54.6715088,0.381786,0.000115,,MMT/Hectospec,Cheng+2021
242.7696991,54.73909,0.386174,0.000116,,MMT/Hectospec,Cheng+2021
241.86590195,54.3885193,0.385437,0.000117,,MMT/Hectospec,Cheng+2021
242.58690834,54.8750038,0.3829,0.000119,,MMT/Hectospec,Cheng+2021
241.99501991,54.5551605,0.249124,0.000122,,MMT/Hectospec,Cheng+2021
243.05322647,54.1259842,0.494368,0.000122,,MMT/Hectospec,Cheng+2021
241.97845459,54.0742493,0.233171,0.000124,,MMT/Hectospec,Cheng+2021
242.51111984,54.0195618,0.295133,0.000135,,MMT/Hectospec,Cheng+2021
242.36197472,54.7450485,0.236218,0.000136,,MMT/Hectospec,Cheng+2021
243.27927589,54.1973915,0.23377,0.000137,,MMT/Hectospec,Cheng+2021
242.66043663,54.3970566,0.32269,0.000138,,MMT/Hectospec,Cheng+2021
242.44071007,54.4618301,0.49357,0.000144,,MMT/Hectospec,Cheng+2021
243.21109772,54.6449852,0.450712,0.000147,,MMT/Hectospec,Cheng+2021
242.06027985,54.6147728,0.458331,0.000149,,MMT/Hectospec,Cheng+2021
243.13058853,54.5462799,0.447386,0.000152,,MMT/Hectospec,Cheng+2021
242.92508125,54.0819283,0.333943,0.00016,,MMT/Hectospec,Cheng+2021
242.79109955,54.0452461,0.393297,0.000205,,MMT/Hectospec,Cheng+2021
242.59763718,54.1365967,0.466384,0.000212,,MMT/Hectospec,Cheng+2021
242.76105881,54.7111816,0.389625,0.000218,,MMT/Hectospec,Cheng+2021
242.79278755,54.438179,0.450709,0.000219,,MMT/Hectospec,Cheng+2021
242.57635117,54.2436943,0.740114,0.00024,,MMT/Hectospec,Cheng+2021
241.93242073,54.3750839,0.24152,0.000251,,MMT/Hectospec,Cheng+2021
242.77759552,53.9642639,0.741507,0.000385,,MMT/Hectospec,Cheng+2021
242.65563011,54.3393364,0.337004,0.000402,,MMT/Hectospec,Cheng+2021
242.1944046,54.7778931,1.396704,0.0008,,MMT/Hectospec,Cheng+2021
